USE examen;

INSERT INTO tSemestre (codSemestre, fechaInicio, fechaFin) VALUES
('2012-I', '2012-01-04 05:00:00', '2012-03-16 05:00:00'),
('2012-II', '2012-05-10 05:00:00', '2012-08-31 05:00:00');

INSERT INTO tOpcion (nombre, descripcion) VALUES
('semestre_actual','2012-II');

INSERT INTO tAdministrador (codAdmin, usuario, password, apellidoP, apellidoM, nombres, email) VALUES
(1, 'admin', '21232f297a57a5a743894a0e4a801fc3', 'ADMIN', 'DE LOS', 'ADMIN', 'admin@miexamen.in');

INSERT INTO tDocente (codDocente, password, apellidoP, apellidoM, nombres, email) VALUES
('10048', 'd843407a1a701630bb297c1148229eff', 'VERA', 'CHAVEZ', 'MARIO', '10048@miexamen.in'),
('10086', '6412121cbb2dc2cb9e460cfee7046be2', 'BUSTAMANTE', 'JARA', 'ELIAS JESI', '10086@miexamen.in'),
('10119', '8466f9ace6a9acbe71f75762ffc890f1', 'ESTRADA', 'CUNO', 'WILBERT', '10119@miexamen.in'),
('10199', '0237a65a5396a6e4a6da6e1308ccc4e0', 'CRUZ', 'TELLO', 'JUAN ANTONIO', '10199@miexamen.in'),
('10208', 'acb55f9af76808c5fd5522dcdb519fde', 'RODRIGUEZ', 'RODRIGUEZ', 'JANET KIMBERLY', '10208@miexamen.in'),
('10234', '8eb4b4c01bf3375828c5494c2f6e7685', 'ENCISO', 'RODAS', 'LAURO', '10234@miexamen.in'),
('10326', '8b0bb3eff8c1e5bf7f206125959921d7', 'HUAMAN', 'MORALES', 'STELA', '10326@miexamen.in'),
('10363', 'a1dc51ee503c5fe5170288a0b5bfc089', 'REYES', 'BUSTINZA', 'JUVENAL', '10363@miexamen.in'),
('10397', '7688db1dcc066bd495cc9b4b0805fc5a', 'MEDINA', 'TAPIA', 'MAURO', '10397@miexamen.in'),
('10511', '99113167f3b816bdeb56ff1af6cec7af', 'VELASQUEZ', 'HACHA', 'IGNACIO', '10511@miexamen.in'),
('10557', '7c8aa9ae1ab630196ed047f0ed2ee15c', 'RIVAS', 'PUGA', 'ABDON', '10557@miexamen.in'),
('10571', '447664a3141eb12771bd889d6d4e1bdb', 'ARTEAGA', 'CURIE', 'ROCIO', '10571@miexamen.in'),
('10670', '5631e6ee59a4175cd06c305840562ff3', 'CJUNO', 'ROQUE', 'TIMOTEO', '10670@miexamen.in'),
('11203', 'c24c65259d90ed4a19ab37b6fd6fe716', 'ACURIO', 'USCA', 'NILA ZONIA', '11203@miexamen.in'),
('11849', '2fa8af078803491746235057c546c1b6', 'IBARRA', 'ZANBRANO', 'WALDO ELIO', '11849@miexamen.in'),
('12004', '30ec85b4d1ce02fe671cf56c94fe758b', 'GAMARRA', 'SALDIVAR', 'ENRIQUE', '12004@miexamen.in'),
('12240', 'b750f74544cb00c138079607276995e9', 'CASILLAS', 'LLERENA', 'PEDRO JESUS', '12240@miexamen.in'),
('12419', '2d0098b9484a341987c5b11e51d7b79f', 'PACHECO', 'VASQUEZ', 'ESTHER CRISTINA', '12419@miexamen.in'),
('12459', '26d88423fc6da243ffddf161ca712757', 'BACA', 'CARDENAS', 'LINO AQUILES', '12459@miexamen.in'),
('12596', 'caa0bd048dd3104968cbe5082662af42', 'MEDRANO', 'VALENCIA', 'IVAN CESAR', '12596@miexamen.in'),
('13008', '5ca90602d3acd9a8f30b8a7cac1bdbb5', 'GAMARRA', 'SOTO', 'MARCO ANTONIO', '13008@miexamen.in'),
('13010', '76185584223b2f7b9f3a91a2f9913135', 'QUISPE', 'SANDOVAL', 'PEDRO', '13010@miexamen.in'),
('13012', 'd4e879aca51d48e0feba3112f0d1b8cd', 'CAMAC', 'HUILCA', 'WILBERT ALBERTO', '13012@miexamen.in'),
('13028', '3a900dc34f5f470bc5b734222f657d7f', 'ZUNIGA', 'VALDIVIA', 'EDGAR', '13028@miexamen.in'),
('13062', '9d70ada63ee39c2f16e678bbf698df46', 'CAZORLA', 'MEDINA', 'EDWIN', '13062@miexamen.in'),
('13064', '709f5f3e2479cb21f8f3976dbb3ebd53', 'HUACOTO', 'TAPIA', 'RAUL', '13064@miexamen.in'),
('13225', '7884effb9452a6d7a7a79499ef854afd', 'ROZAS', 'HUACHO', 'JAVIER ARTURO', '13225@miexamen.in'),
('13226', 'b27c40f1f7fb35fcf65d89dc29748e29', 'CARBAJAL', 'LUNA', 'JULIO CESAR', '13226@miexamen.in'),
('13428', '1aabb3fa1280144bf946da37d00c05f1', 'CARRASCO', 'POBLETE', 'EDWIN', '13428@miexamen.in'),
('13431', '065982e894fcde21153454b2ea4b2a8a', 'ZAMALLOA', 'JARA', 'MARCO ANTONIO', '13431@miexamen.in'),
('13522', '468cbac056133a996283cca7e2976336', 'GIL', 'FERNANDEZ BACA', 'MIRIAM', '13522@miexamen.in'),
('13733', 'd4e452f4710f30e083260da22c346f92', 'PALOMINO', 'OLIVERA', 'EMILIO', '13733@miexamen.in'),
('13735', 'bcb91d59186aa1e622116246fc3fe62c', 'RODRIGUEZ', 'RODRIGUEZ', 'JANET KIMBERLY', '13735@miexamen.in'),
('13994', '32f791428812696ee7ce8f161ecd490c', 'FLORES', 'PACHECO', 'LINO PRISCILIANO', '13994@miexamen.in'),
('14002', '86158a6b3924670a32dad65bbc41bd95', 'PILLCO', 'QUISPE', 'JOSE MAURO', '14002@miexamen.in'),
('14104', '770e1aa37246979c9e2db7b82cfd9412', 'MARCA', 'AIMA', 'MONICA', '14104@miexamen.in'),
('14302', '65be44ae7088566069cc3bef454174a7', 'ARDILES', 'CRUZ', 'ERIKA GRUSHENKA', '14302@miexamen.in'),
('14307', '380714d486fbd50c0c9dfc7e4d8be9f7', 'SONCCO', 'CHOQUEHUANCA', 'PAULINO MELITON', '14307@miexamen.in'),
('14332', '7dd21654ce1c39ec7632d219e8e71f11', 'TARCO', 'SANCHEZ', 'ARMANDO', '14332@miexamen.in'),
('14338', 'e875a3ad4f52e44482240713d709930e', 'PERALTA', 'ZANABRIA', 'LEONARDO', '14338@miexamen.in'),
('14389', '5dae854cd11d11715c91b6ce80f46b7c', 'TICONA', 'PARI', 'GUZMAN', '14389@miexamen.in'),
('14390', '8a1df180ea2c0d298aa1d739fe720a0c', 'GARCIA', 'PEÑA', 'ALVARO', '14390@miexamen.in'),
('14391', '3abb5691502cbd522511147519f8a487', 'LEON', 'MONTOYA', 'DARIO EDUARDO', '14391@miexamen.in'),
('14392', '625d2d3101c23c47a46984741c232fed', 'CUSIHUAMAN', 'PHOCCO', 'ROGER MARIO', '14392@miexamen.in'),
('14409', '746206d63610c80c08bdf440226b462a', 'GONGORA', 'GONZALES', 'VICTOR JUAN', '14409@miexamen.in'),
('14623', '2e3517ba49c2a7c999b9c8381185ae4e', 'AGUIRRE', 'CARBAJAL', 'DORIS SABINA', '14623@miexamen.in'),
('14627', '7247d70004dfb4ffb60a39768e381097', 'PEÑALOZA', 'FIGUEROA', 'MANUEL AURELIO', '14627@miexamen.in'),
('14664', '0a4037dd1cee5b46ec30bb860eea84a4', 'CANDIA', 'OVIEDO', 'DENNIS IVAN', '14664@miexamen.in'),
('14691', '6340831392e9cd8af9598274f4b3c5c0', 'CHAVEZ', 'CENTENO', 'JAVIER DAVID', '14691@miexamen.in'),
('14767', 'c84f1f1c3914a66236542d1166b01780', 'ORMEÑO', 'AYALA', 'YESHICA ISELA', '14767@miexamen.in'),
('14768', '1dfd06d3b151a21b879f3710d6b49786', 'MEDINA', 'MIRANDA', 'KARELIA', '14768@miexamen.in'),
('14769', 'a1f69f6000f7a8b5883b7134fcf8d558', 'ALZAMORA', 'PAREDES', 'ROBERT', '14769@miexamen.in'),
('14817', '90e08c6d15d206857d4fd54fa2f334bc', 'NINA', 'HANCO', 'HERNAN', '14817@miexamen.in'),
('14872', 'a598e7d200bf02558d5534839884b7a3', 'DUEÑAS', 'BUSTINZA', 'JULIO CESAR', '14872@miexamen.in'),
('14983', 'ce6f311f2548c0e40fbd9beaaa288d32', 'CONDORI', 'TICONA', 'RUFINO', '14983@miexamen.in'),
('14986', 'a2bb46e362d70a83673a822206f5062e', 'CONDORI', 'TICONA', 'RUFINO', '14986@miexamen.in'),
('14992', '88f64d69018af616abf977934ec8226c', 'FARFAN', 'ESCALANTE', 'GUIDO', '14992@miexamen.in'),
('14995', 'c8a504a9a22d488a8d8f8fa7b890e20f', 'VILLAFUERTE', 'SERNA', 'RONY', '14995@miexamen.in'),
('14997', 'ebd74b9b3bfd11deb539e4242d95078b', 'AYQUIPA', 'BECERRA', 'ROBERTO FABIO', '14997@miexamen.in'),
('15404', 'f3102064ef90bf7d811c330f976366f7', 'CACHI', 'QUISPE', 'MABELLY SHEILAH', '15404@miexamen.in'),
('15423', '4f47f68c8ad4792d404d2ff5e57c97ba', 'TARCO', 'SANCHEZ', 'ARMANDO', '15423@miexamen.in'),
('15459', '9a7e4d07ef8a46f82d97b848585ac16f', 'ITURRIAGA', 'LUNA', 'ELY KLEMER', '15459@miexamen.in'),
('15460', 'd53078261f27982d80c780d7a251f6f1', 'PORTUGAL', 'MORALES', 'LUIS ALBERTO', '15460@miexamen.in'),
('15863', 'a02f16107bfaf3ec05880f999ebe0523', 'DE OLARTE', 'ROJAS', 'EDWIN AMERICO', '15863@miexamen.in'),
('15935', '8f4837520bd09791344837a4478d526e', 'APARICIO', 'CARRASCO', 'ROXANA KAREN', '15935@miexamen.in'),
('15936', '558e3aa9f7f9b7049d1fadda292d23a1', 'GIL', 'HERRERA', 'ELEAZAR', '15936@miexamen.in'),
('15937', '36c8d2b3e0a29251e74fab7bfe5931ab', 'TOLEDO', 'ALLER', 'LOURDES', '15937@miexamen.in'),
('15938', '4b0a618db23379c7c77f818cf569050d', 'MONZON', 'CONDORI', 'LUIS ALVARO', '15938@miexamen.in'),
('15950', '1aa7690e43a5471b7344591df7afb611', 'RICALDE', 'ROLDAN', 'TANIA LIZZET', '15950@miexamen.in'),
('15960', 'b36745962d5a1345e1b6dc85e9a80405', 'CASTAÑEDA', 'CHIRINOS', 'HERNAN', '15960@miexamen.in'),
('16039', '009d69d2d1b986815e7b825382d73af5', 'LEON', 'NUÑEZ', 'LIDA', '16039@miexamen.in'),
('16155', '38e54247e7c88cc9f6eb8e59779bddcd', 'CONCHA', 'PEREZ', 'MARLENY', '16155@miexamen.in'),
('16196', 'a9c154c4658d7fc48fd2be3ef34d9109', 'POCCORI', 'UMERES', 'GODOFREDO', '16196@miexamen.in'),
('16257', 'f2dc24eeb8374eef5003b7c1dae3d51a', 'RICALDE', 'ROLDAN', 'TANIA LIZZET', '16257@miexamen.in'),
('16441', '8fc00922bc09442f10ff8a8be0973604', 'LAVILLA', 'CONDORI', 'MARI LUZ', '16441@miexamen.in'),
('16563', 'c97123ea1dcc3807e91be30b3fa0c2de', 'PALMA', 'TTITO', 'LUIS BELTRAN', '16563@miexamen.in'),
('16569', 'b3e59bceb1e975e5fc7f60bc079a65a0', 'PALOMINO', 'MONGE', 'LUIS', '16569@miexamen.in'),
('16570', '123ee944824996433ba17e57e8a227c9', 'DUEÑAS', 'BUSTINZA', 'DARIO FRANCISCO', '16570@miexamen.in'),
('16571', '74af29e4a58ef5b90a184d5264d47342', 'DUEÑAS', 'DE LA CRUZ', 'SAMUEL', '16571@miexamen.in'),
('16677', '4adad48d42922db4295e8b7327fbbbf1', 'CUBA', 'TORRES', 'ARTURO', '16677@miexamen.in'),
('17092', 'b777ce76ec5633eacf713f4f8e08caf6', 'HUAMANI', 'HUAYHUA', 'AGUEDO', '17092@miexamen.in'),
('17093', 'd0e5dfb52f4a6325738b1042cce523d7', 'IRPANOCCA', 'CUSIMAYTA', 'MARITZA', '17093@miexamen.in'),
('17094', '08ed87bd895f5562aacffd47d4c086eb', 'PALIZA', 'ESCALANTE', 'PERCY', '17094@miexamen.in'),
('17095', 'f633469121cb1895ba8023439e8197df', 'LAVILLA', 'CONDORI', 'MARI LUZ', '17095@miexamen.in'),
('17098', 'c0e1fac1b114b4cfb6d3620c429de433', 'CJUNO', 'ROQUE', 'TIMOTEO', '17098@miexamen.in'),
('17428', '7bbeb6ee3bfac6732d2df45227ae0e69', 'ALVAREZ', 'PAREDES', 'GREGORIO ALEXANDER', '17428@miexamen.in'),
('80027', '5a90c77209d2a5b5caebfbfc3774df2a', 'ISMODES', 'PALOMINO', 'DALIA LILIA TANIA ', '80027@miexamen.in'),
('80037', '12586328f8a97e99a2fd27b17f39b8c7', 'ROQUE', 'TARCO', 'ARMANDO', '80037@miexamen.in'),
('80051', 'b86ece4a7f0a30f0280d6b08980572dd', 'GAMARRA', 'SOTO', 'MARCO ANTONIO', '80051@miexamen.in'),
('80082', 'e360023812f7fbe62c6ea82c121baca2', 'VILLA', 'RODRIGUEZ', 'WALDO', '80082@miexamen.in'),
('80092', 'cba4f989c120e4cb730be8b11e5f7a5c', 'OJEDA', 'PRO', 'JUVENAL', '80092@miexamen.in'),
('80176', '1dca41e3a4f57639dddf4b5a5e1a0fbe', 'VILLALOBOS', 'ESPINOZA', 'PERCY RAFAEL', '80176@miexamen.in'),
('80246', '741f67ddb253c351b72a2ce9494441f8', 'HUILLCA', 'HUALLPARIMACHI', 'RAUL', '80246@miexamen.in'),
('80272', '8c502e31ee5f4c0072c7056fff2cb88d', 'PUENTE DE LA VEGA', 'CHAVEZ', 'JAIRO WILFREDO', '80272@miexamen.in'),
('80273', '3be42d8a3412057f79af152555e39bd4', 'FERNANDEZ', 'PEZUA', 'JHOMBERT', '80273@miexamen.in'),
('80274', '361abddee1a48d800e7d89091e655d9c', 'SALAZAR', 'PEÑA', 'ROXANA', '80274@miexamen.in'),
('80275', '07fd3b1a7a723b5c40e5db1ea69930f9', 'ACUÑA', 'AGUIRRE', 'NOVA EUGENIA', '80275@miexamen.in'),
('99888', '8e6982736759e7877617fa3f7ef1f281', 'CASTAÑEDA', 'CHIRINOS', 'HERNAN', '99888@miexamen.in');

INSERT INTO tAlumno (codAlumno, password, apellidoP, apellidoM, nombres, email) VALUES
('001030', '0d2e057945a305dc3fcc78a6847603e1', 'SOLIS', 'CANO', 'MARCO EMERSON', '001030@miexamen.in'),
('001221', '9a14ecd0d9a34d5b50ee4e956e4d2332', 'BALLON', 'ESTRADA', 'MARCIAL', '001221@miexamen.in'),
('002427', '6764d42ff359ed97cc650272df0bf411', 'PUMACAHUA', 'PAREDES', 'CARLOS LEONED', '002427@miexamen.in'),
('003016', '5b185bf0e83f647766eeccb2c82fe721', 'GUILLEN', 'CAMPOS', 'ALAN ANDRES', '003016@miexamen.in'),
('003021', '5ec1a0d9b4b5d450a5b408b70916badc', 'LOAIZA', 'ALVAREZ', 'MARCO AURELIO', '003021@miexamen.in'),
('010512', 'f979e3201def01de4b75d43a66634e89', 'ANTAY', 'CHECCORI', 'ALEX SADAM', '010512@miexamen.in'),
('010534', 'c17701878803b7fb50100ce3ee62a08e', 'MOSCOSO', 'MAMANI', 'ROGER GRIMALDO', '010534@miexamen.in'),
('010539', '94b89e6dbf885b77cdc8e82154780f61', 'PUENTE DE LA VEGA', 'MIRANDA', 'ANDY JASON', '010539@miexamen.in'),
('010543', 'b7a0c1d54f92dff4059273ce359ec700', 'ROMAINVILLE', 'CORONADO', 'PAMELA', '010543@miexamen.in'),
('010544', '67c9d76092d5e9267d0f3fd90e39ee40', 'SALAS', 'SOLIS', 'OSCAR WILLIAM', '010544@miexamen.in'),
('010548', 'ae12657d777b4627e131f456135811b4', 'TTITO', 'AUCCAISE', 'WILBERT', '010548@miexamen.in'),
('012117', '80209213a6a93d6d2ef66970183a3d47', 'PINARES', 'BUSTAMANTE', 'SAMMY YASSER', '012117@miexamen.in'),
('020203', 'ad3b2fadce09923aaab4b1e367e86124', 'CHOQUEHUANCA', 'MACEDO', 'PERCY URIEL', '020203@miexamen.in'),
('020711', 'e5aee9a37adee912007750cd1831dd5e', 'HUAMAN', 'ECHEGARAY', 'ANGELICA MARIA', '020711@miexamen.in'),
('020714', '9d02073846fed8483c13510b247c2ef0', 'OVIEDO', 'SOLIS', 'ALEX IRMEL', '020714@miexamen.in'),
('021036', '709de060c41486aa7293e4ef08bacbdd', 'LOMA', 'ACUÑA', 'FRANKLIN EDSON', '021036@miexamen.in'),
('021499', '9c25cbd902b1cf8ebbfb15aa5f7d8df4', 'CORNEJO', 'RIVERO', 'JEFFRID', '021499@miexamen.in'),
('021501', '1af0bcbafcebd268669bcd9ad2f1d5ad', 'CONDORI', 'CONTRERAS', 'ALAIN ARMANDO', '021501@miexamen.in'),
('022155', 'bcb3356e3d1a500e7b4cd5535717cecb', 'ATAUSINCHI', 'FERNANDEZ', 'RICHARTH', '022155@miexamen.in'),
('022160', '83fa86f92b654ca1927e0dd25d931649', 'CHOQUE', 'CHINO', 'JULIO CESAR', '022160@miexamen.in'),
('022168', '98f9ec07083f53a9b9ec9622d9870011', 'MANSILLA', 'GUTIERREZ', 'HENRY JOEL', '022168@miexamen.in'),
('030020', '224e84733da73e81f7670ba8b651af1e', 'GUTIERREZ', 'AGUIRRE', 'ROBERT', '030020@miexamen.in'),
('030160', 'f1ba51564bf752bf5fbb8fc35119a56d', 'MISME', 'LEIVA', 'YANETH', '030160@miexamen.in'),
('030419', '7adc0ad301f7df0b23dc857653a125e4', 'CCUNO', 'QUISPE', 'ROSA', '030419@miexamen.in'),
('030424', '1010c512597fb4a386f9704fbac8fccd', 'GARRAFA', 'VILLALTA', 'FERNANDO DANIEL', '030424@miexamen.in'),
('030425', 'c9ee417dfefaf4eb5cd8aa8338a83d13', 'LLANCAY', 'LOAYZA', 'WALDO EVER', '030425@miexamen.in'),
('030426', 'f86be4251b085c756c65355278a84c32', 'NAVARRO', 'HUAMAN', 'EVELIN LILIANA', '030426@miexamen.in'),
('030431', 'a9849e8588813f8387f95a450d0463d1', 'SUELDO', 'DUEÑAS', 'LUIS MIGUEL', '030431@miexamen.in'),
('030815', 'c9879ac2538c0313a9fdff034c542a1f', 'CUSI', 'ALMENDARIZ', 'WASHINGTON', '030815@miexamen.in'),
('030816', 'b70be576ad1811bb0d49ac24a6a0777b', 'ESCALANTE', 'CHOCCATA', 'JULIO CESAR', '030816@miexamen.in'),
('031124', '38e23719f47cc7b86a6830df240f40d1', 'CACERES', 'GRANADA', 'GIOVANNI', '031124@miexamen.in'),
('031125', '2c8e0fe2cc54d2e6acd07a9dc45c1516', 'CARDENAS', 'ALVARADO', 'JOHNNY ENRIQUE', '031125@miexamen.in'),
('031126', 'e1a610b9ccc966e857bc09b81c90cc47', 'CONDORI', 'APAZA', 'NELLY', '031126@miexamen.in'),
('031127', 'a79e0080a434da99d9b13e17900397aa', 'CUCHILLO', 'HUAMAN', 'JAVIER JAIRZINHO', '031127@miexamen.in'),
('031132', '32548e058b12179e03bb3a3b47cab08e', 'POCCO', 'HUAMAN', 'ERICSON', '031132@miexamen.in'),
('031136', '92b339ae3063305338e122a00ef9d0f4', 'QUISPE', 'HUAMANI', 'INES', '031136@miexamen.in'),
('032119', '05fccc6e3388b6183af3e36a2047a051', 'GALINDO', 'GAMONAL', 'JHAMES', '032119@miexamen.in'),
('032120', '1a9411c96c0bc4922ddd3dd85a8656b4', 'LOVON', 'CONDE', 'MARCO ANTONY', '032120@miexamen.in'),
('032122', '0bce20b852463a5554b5432aa49c0049', 'MEDINA', 'TORRES', 'WALTER', '032122@miexamen.in'),
('032125', 'c84ed407afa32a221311a73ca2a519fb', 'SIERRA', 'QUISPE', 'JULIO CESAR', '032125@miexamen.in'),
('032647', 'd50d6f95ebfbf05f72c9c73867cc8966', 'HUARCA', 'THIA', 'LIZANDRO', '032647@miexamen.in'),
('032655', 'cc086f9268fa5868b0cee1b73990bb95', 'VILLACORTA', 'ROJAS', 'CESAR REYNALDO', '032655@miexamen.in'),
('040371', 'ebabc48f638440ad1ec78e634503fb3e', 'GONZALES', 'AUCCAPURI', 'FANNY', '040371@miexamen.in'),
('040376', '6573521733e5fa587b299ee4521b8e79', 'RADO', 'AMUDIO', 'HARRY JHONATHAN', '040376@miexamen.in'),
('040977', '9f2264970c92acf9ca0cfb32c909eb89', 'CAMA', 'CACERES', 'MARIBEL', '040977@miexamen.in'),
('040978', '3a5c0ae56346641c9ea83792ab48abf1', 'CERECEDA', 'LOPEZ', 'MARIELA', '040978@miexamen.in'),
('040982', '21bf209b6e508999a1db4f553503bd14', 'QUISPE', 'TTITO', 'EDSON', '040982@miexamen.in'),
('040985', 'f3265f18e00797f2ca96f760f931420b', 'TAIPE', 'MAYHUA', 'YANET', '040985@miexamen.in'),
('040986', 'c7d104b26d3f2fe6074b9ba8cc9e24c5', 'TAPIA', 'TORRES', 'JOSEPH JOHANI', '040986@miexamen.in'),
('041442', '9a85aaa8647a857b18c090a77e01fbd2', 'RODRIGUEZ', 'GUTIERREZ', 'MILTHON JOEL', '041442@miexamen.in'),
('041454', 'e40f6c21c0160a4d3dc16058d2078c06', 'GARCIA', 'GUTIERREZ', 'DARWIN WALTER', '041454@miexamen.in'),
('041574', '49fca320b48ad5c51c6c3a8af26571ae', 'CARRASCO', 'YARIN', 'BRIZEIDA', '041574@miexamen.in'),
('042268', '45e51c414a6a2e7b4eee57cb8404463f', 'BACA', 'MUÑIZ', 'YESSENIA', '042268@miexamen.in'),
('042269', '4d5cc1c9c6dd947b22bcfd4cdc0e7f38', 'CAIPANI', 'ALTAMIRANO', 'PAVEL GIOVANI', '042269@miexamen.in'),
('042279', '9776e25951562c5d187542b1570b8e8f', 'USNAYO', 'CALLO', 'IVAN HUGO', '042279@miexamen.in'),
('043034', '93e41250f402412af1d965df95f416bf', 'CISNEROS', 'HUAMANI', 'FRANCISCO JAVIER JESUS', '043034@miexamen.in'),
('043035', '1561bb0c85274c0003de0036afca3fd6', 'CONDORI', 'CONDORI', 'MARCO ANTONIO', '043035@miexamen.in'),
('043042', '764a00524e54c5b9e9a0d123c1aed378', 'QUISPE', 'ITUSACA', 'GLADYS', '043042@miexamen.in'),
('043043', 'ff48fea112c07acc6fae292b28064112', 'QUISPE', 'MEDINA', 'FREDY SILVERIO', '043043@miexamen.in'),
('043045', '26afd6f06c21463ba236f44ef66c1c65', 'SEQUEIROS', 'RODRIGUEZ', 'JOEL LAURO', '043045@miexamen.in'),
('050468', 'dc545966a41f01017deec40fe3b423b4', 'CALLAÑAUPA', 'CACERES', 'JONATHAN', '050468@miexamen.in'),
('050470', 'f8e86eb59a08cb434d54f11d1e2fa228', 'COLQUI', 'MIRANO', 'ROLANDO', '050470@miexamen.in'),
('050474', '4128ded5be58f979c101f8b4c6c42f45', 'CHUQUIMIA', 'ABAL', 'JONATTAN', '050474@miexamen.in'),
('050477', '9fcd7431608f4d8648dd740db08bf925', 'HUAHUACHAMPI', 'FERNANDEZ', 'HIRBIN JONATAN', '050477@miexamen.in'),
('050482', '75b29e8fa9069ee2066e2366d5ad0f74', 'MANSILLAS', 'ASTETE', 'JOSE JAVIER', '050482@miexamen.in'),
('050483', '43b4be2a2c4fa11b350efc30040f1ba8', 'PARI', 'SALLO', 'TONY CRISTIAN', '050483@miexamen.in'),
('050491', '5e4a1ee11ea2616f7108174077332b82', 'SAMANIEGO', 'LOPEZ', 'ALEXANDER', '050491@miexamen.in'),
('050494', '8065fc24fe45d1ef1d42969d8e0de83c', 'UGARTE', 'ROJAS', 'HECTOR EDUARDO', '050494@miexamen.in'),
('050496', 'ad67bd22519c3609ed28afa902be7010', 'VALENCIA', 'PACHECO', 'HITLHER', '050496@miexamen.in'),
('050497', 'd9ab4506866aa693539f468f19c490ef', 'VARGAS', 'ALVAREZ', 'SAUL', '050497@miexamen.in'),
('050500', '0542eac9b20d9e9614dd28f2607828f2', 'VICENTE', 'MENDOZA', 'EDWARD', '050500@miexamen.in'),
('051684', '206c0f16e9d2c4007d70c04b77508733', 'ALMONACID', 'JUSTINIANI', 'HEBE KANTTU', '051684@miexamen.in'),
('051686', '0012f339ce30b7689b1cef45aeb4fedb', 'ARESTEGUI', 'INQUEL', 'CINTHYA DINA', '051686@miexamen.in'),
('051688', 'd47bdd441f7dec89226a160001a4088f', 'CHATA', 'PONCE', 'HIDALGO EDELY', '051688@miexamen.in'),
('051689', 'fcd66af279089a250adffce9241173ca', 'GAMARRA', 'YAÑEZ', 'EDSON JAVIER', '051689@miexamen.in'),
('051690', '2c5e5124c4edfcd5a6c9249607f85712', 'HUAMAN', 'PILLCO', 'JAHNSEN', '051690@miexamen.in'),
('051691', '0a118cc258ccca75622b2bd9f925419a', 'HUILLCA', 'DIAZ', 'AMPARO', '051691@miexamen.in'),
('051695', '79a95e39187e1437d43aa770d9074178', 'TITO', 'MESICANO', 'HARLEN', '051695@miexamen.in'),
('051696', 'd46f6ac835f3579db318ec8b7dbef23b', 'VALENCIA', 'FLORES', 'ALEX RAUL', '051696@miexamen.in'),
('052104', '0fc87a987bc5a65eaaa7838a3a79151a', 'BARRIENTOS', 'TORRES', 'EFRAIN', '052104@miexamen.in'),
('052107', '808c8940d11cdd487ddcf9a400fa68ec', 'ENCISO', 'VALENCIA', 'FERNANDO', '052107@miexamen.in'),
('052109', 'a30d322b24ab8c1a029ff96cc9e4292f', 'HUACAC', 'CABALLERO', 'CINTHYA ROXANA', '052109@miexamen.in'),
('052110', '1d13090dea300884f50e88fa65d9a487', 'HUAMAN', 'TRINIDAD', 'CESAR', '052110@miexamen.in'),
('052111', '77ca69b6df23c92dd9e7d44edbf75dda', 'NEYRA', 'COILA', 'LUIS MIGUEL EDER', '052111@miexamen.in'),
('052112', '743a251a77af244556464efad0281c74', 'PALOMINO', 'RIVERA', 'YONYFER', '052112@miexamen.in'),
('052113', '2c47c079b39500c29135520ad3ff1410', 'PUMA', 'HUILLCA', 'RICHARD JESUS', '052113@miexamen.in'),
('060144', 'd55af3479f96eaeec45601c0d6020bc6', 'LARA', 'SUYO', 'IBAR BRESLY', '060144@miexamen.in'),
('060146', 'b23ea59687be5c64e6a9b77493c6e409', 'QUISPE', 'HUALLPA', 'SERGIO', '060146@miexamen.in'),
('060147', '4219ad4c823c186bcb32f989a4173ec8', 'SEQUEIROS', 'SERRANO', 'SERGIO', '060147@miexamen.in'),
('060148', 'fcc7e38de1d945a40386a336b984ecdf', 'TIJERO', 'FUENTES', 'RAFAEL', '060148@miexamen.in'),
('060564', '5c10feb7f1849f56869c4e4a60630261', 'ALVAREZ', 'CARBAJAL', 'GIOMAR', '060564@miexamen.in'),
('060567', '34030ff661c42555fb7b99c00138077f', 'ARAUJO', 'ZUÑIGA', 'MARCO ANTONIO', '060567@miexamen.in'),
('060570', 'a149c364750d36622514296ee226002a', 'CORTEZ', 'PALOMINO', 'VICTOR JOHANN', '060570@miexamen.in'),
('060571', '33cbc940437c19a6a8b953fadd0f42bb', 'CUSIHUAMAN', 'PHOCCO', 'FREDY', '060571@miexamen.in'),
('060576', '4bd06d8352a77fe08bbb63f8c4e563e4', 'FARFAN', 'LUNA', 'JENNIFER', '060576@miexamen.in'),
('060577', 'e0c6d874ecd4ea30dcf2211a6a079d25', 'FERNANDEZ', 'GUEVARA', 'CINTIA YULISA', '060577@miexamen.in'),
('060579', '82794beed2b1c01d8f62d84e0e5c37ce', 'GARCIA', 'QUIÑONEZ', 'JONATHAN', '060579@miexamen.in'),
('060580', 'a3a1fbd03101fba35c6161a5e9f8ef94', 'GUZMAN', 'MAMANI', 'RUSSELL', '060580@miexamen.in'),
('060582', 'b3df7f296b887eca39a9fa3162b49997', 'HUANCA', 'QUISPE', 'DENIS MARCELINO', '060582@miexamen.in'),
('060583', 'a69fe08337f91a915d374eeaecaffd6f', 'HUARANCCA', 'RIMACHI', 'AVELINO', '060583@miexamen.in'),
('060584', '3a713af7d3160b01da95f364b876dee0', 'HUILLCA', 'PORTILLA', 'DENNIS', '060584@miexamen.in'),
('060587', 'ec9aaddd5acef60b9d5087c983fe3459', 'MENDOZA', 'YAUTA', 'RONAL', '060587@miexamen.in'),
('060588', 'c4ecf70f74cfce7ea96e082e1e715006', 'MONTES', 'SENCE', 'LEYLA PAMELA', '060588@miexamen.in'),
('060589', 'b63861682c7712ecfcc876d8a4372408', 'QUISPE', 'CUTIPA', 'IRVIN OCTAVIO', '060589@miexamen.in'),
('060590', '95aaa259ebcae81e6fa6fd30f0c84d62', 'QUISPE', 'SOTA', 'IRMA MILAGROS', '060590@miexamen.in'),
('060592', 'e9df81fb2c13750250ef6b258b1e3f63', 'TTITO', 'ACCOSTUPA', 'ROMARIO', '060592@miexamen.in'),
('060593', '9c60d540ee6be62a5bde2b25779972aa', 'VALERIANO', 'ESPINOZA', 'GMELINA', '060593@miexamen.in'),
('060594', '6f14976f52d9edf5198c0f3e4a32b33f', 'VARGAS', 'PANTOJA', 'JUSTO ABEL', '060594@miexamen.in'),
('062838', '8176e2e1c0b679904eb6757cb1431683', 'AREVALO', 'REYNAGA', 'PAUL', '062838@miexamen.in'),
('062839', 'e5c13805158a19435b13115530d7308e', 'AUCCAPURE', 'NAIHUA', 'ALEXANDER', '062839@miexamen.in'),
('062840', 'edb0e7a4e8108131d1bbba70c0411c62', 'CATUNTA', 'HUALLPA', 'EDSON GABRIEL', '062840@miexamen.in'),
('062841', '3089496897554ad50e277e008161f4b9', 'CHECALLA', 'UMPIRE', 'EDGAR ELVIS', '062841@miexamen.in'),
('062842', '86500da261ed3ec0f78322b1ef115f06', 'FLORES', 'CARBAJAL', 'JOSE CARLOS', '062842@miexamen.in'),
('062843', '76c4bd40865bec5accc15782cc77605c', 'GUEVARA', 'CERVAN', 'RENATO', '062843@miexamen.in'),
('062845', '421a08cb0c57a553e225a192961203e6', 'HUANCA', 'SONCCO', 'HENRY', '062845@miexamen.in'),
('062846', '3f47703c7dae4078a1363aa87d517c79', 'LEVITA', 'MERMA', 'GUIDO', '062846@miexamen.in'),
('062847', '9e53cd1d5c0c26e6df4fa196ec83d4a4', 'LOAYZA', 'BLANCO', 'CADY INDIRA', '062847@miexamen.in'),
('062849', '4f9d9814eeb8f7febaa7f5dacb4c1d1c', 'MANSILLA', 'ZUÑIGA', 'ALEX', '062849@miexamen.in'),
('062850', 'a899e37d3ce90e0fbbe62bf779ef1dd5', 'MAYHUA', 'PACHECO', 'CARL LEVISS', '062850@miexamen.in'),
('062851', '10a3f7eca18ccb8af320df2b13acba27', 'MENDOZA', 'COYCOSE', 'JUAN FELIX', '062851@miexamen.in'),
('062852', 'febae7506f7360d2c0d4666e0d362913', 'MIRANDA', 'PANCORBO', 'ERROL EDU', '062852@miexamen.in'),
('062853', 'aeeb0c1941100fa111bc773792dc2524', 'MORA', 'OJEDA', 'LENIN', '062853@miexamen.in'),
('062854', 'a80b6bd2ef3e643f94d1ed00b0b8824f', 'RIVERO', 'TUPAC', 'EDITH PAMELA', '062854@miexamen.in'),
('062855', 'e74a353f008323f4177bfd1816719348', 'SALOMA', 'HERRERA', 'JEFFERSON DAVIS', '062855@miexamen.in'),
('062856', 'c7843a2a64f511755598038008485405', 'SECCA', 'LOPINTA', 'BEATRIZ', '062856@miexamen.in'),
('062857', '8c06dfc5f9032f17aa3741d3d3decb95', 'SEGUNDO', 'CARPIO', 'LISETH URPY', '062857@miexamen.in'),
('062858', '4ff4cd741505d1469029731c07915003', 'SILVA', 'HURTADO', 'FRANCISCO JAVIER', '062858@miexamen.in'),
('062859', '9bbc76948fadc3050ff4a0afdabc1c05', 'TTITO', 'CARPIO', 'HELIO', '062859@miexamen.in'),
('062861', '70b28e90d661ee15f395f02908f6aa0d', 'VASQUEZ', 'MAMANI', 'MONICA', '062861@miexamen.in'),
('062862', '0a84b48334cdf1d4c20f98b9c46c835e', 'ZEVALLOS', 'DE LA SOTA', 'EDITH PAMELA', '062862@miexamen.in'),
('070674', '721069eba5bdd400222f23cb74202311', 'ABARCA', 'MORA', 'RAIMAR', '070674@miexamen.in'),
('070675', '80571092d7b35e2f9c69d3b221404524', 'ACURIO', 'PUMALLOCLLA', 'JULIO CESAR', '070675@miexamen.in'),
('070676', 'fdb0becf6ad1c3eaaef26e72c167652e', 'AGUILAR', 'HACHIRCANA', 'MARCO', '070676@miexamen.in'),
('070677', '683697696b478f4d014d02df875fc7c8', 'ALEGRIA', 'ZEVALLOS', 'JAVIER', '070677@miexamen.in'),
('070678', '401bad3967140f34d95d8a91d02b0c10', 'AMACHE', 'LONCONE', 'JAVIER', '070678@miexamen.in'),
('070679', '4147d1c614a1b48ad1172934a6553dc3', 'ARROSPIDE', 'ALONSO', 'AARON', '070679@miexamen.in'),
('070680', 'f3eceb7bdceb3433838542eb051d12d2', 'AUCCACUSI', 'CONCHA', 'MELANY', '070680@miexamen.in'),
('070681', 'ea8a2b701c6a99c76a414c0d378d7605', 'BELLIDO', 'MAMANI', 'ERIK ALEXANDER', '070681@miexamen.in'),
('070684', 'b359d908ff84bba90c1626129b1929b6', 'CARREÑO', 'PAUCARMAYTA', 'IRWING DARIO', '070684@miexamen.in'),
('070685', 'e38f4d43aaa3a07716b37bd894869557', 'CASTILLA', 'CONDORI', 'YESENIA ERIKA', '070685@miexamen.in'),
('070687', '96233031ae7568000ffb24b7ddd69843', 'CASTRO', 'MAMANI', 'RICHARD ALEXANDER', '070687@miexamen.in'),
('070689', '9990f593585ddad40832cbf3c7527209', 'CCAPATINTA', 'HUILLCA', 'MARGOTH', '070689@miexamen.in'),
('070690', '2ceeaa6b1a5dbc6b9be4c43e9ff73d07', 'CENTENO', 'DELGADO', 'HARRIED ALL', '070690@miexamen.in'),
('070691', 'd295fd69bd9d233b0b1c050d22d711c3', 'CONDORI', 'ALAGON', 'HECTOR', '070691@miexamen.in'),
('070692', '27400bc4d035d8355667c1d68218e660', 'CURO', 'LLIMPI', 'WILLY JHON', '070692@miexamen.in'),
('070693', '726edd7cd2c3c9b19e4ef249662a88ee', 'CHAMBI', 'VILCA', 'MARIA MARUJA', '070693@miexamen.in'),
('070694', 'f13f1218bad463f1ce7804851ebbbff8', 'CHINO', 'VILLALBA', 'DANITZA', '070694@miexamen.in'),
('070695', '7ed1a750ed2522b0900feb7173c5270e', 'CHOQUEVILCA', 'QUISPE', 'VICTOR ABEL', '070695@miexamen.in'),
('070696', '1a3d037825774ed08b8759ab2ae5d010', 'DURAND', 'BONIFAZ', 'JOMINI GUEROVID', '070696@miexamen.in'),
('070697', 'f451ff9cca87ea46a9fff664a47e4c20', 'FARFAN', 'HUARANCCA', 'ALEX BENJAMIN', '070697@miexamen.in'),
('070698', '5fa22d74ca7d8eb47d29a205251b1e81', 'FLORES', 'MORAN', 'EDWIN JHON', '070698@miexamen.in'),
('070699', 'd07525c21d666e35c3bb3d3c9021176d', 'GONZALES', 'GONZALES', 'PAOLA FRECIA', '070699@miexamen.in'),
('070700', '0dc8f02af6859d9807b08cd0972e77c4', 'GUDIEL', 'PEREZ', 'YISHEV NEPTALY', '070700@miexamen.in'),
('070701', '4e78ea53275202d780a46068aed9f52c', 'GUTIERREZ', 'CAYLLAHUA', 'YESICA BLANCA', '070701@miexamen.in'),
('070702', '252379af0fa982aa6743d4818a57a714', 'HIJUELA', 'FLORIAN', 'POOL PETTER', '070702@miexamen.in'),
('070703', 'd7577762af4c3013fee620e4e188a644', 'HUMPPIRE', 'HUAMAN', 'JONATHAN MIJAEL', '070703@miexamen.in'),
('070704', '3fde19d4a5a56947964da00c83734c02', 'JALISTO', 'CAMACHO', 'LUISREY GASPAR', '070704@miexamen.in'),
('070705', 'e2b2e62e2fd11af3ff3eed9b3cc0f15d', 'JARA', 'MEJIA', 'CRISTIAN JHONATHAN', '070705@miexamen.in'),
('070706', '69f8b14c62c66ef38555eeca099acd19', 'JORDAN', 'ROJAS', 'ARTURO', '070706@miexamen.in'),
('070707', '25d9fed238404891fb5bcac2c6c7665c', 'LIGAS', 'RAMIREZ', 'TRILCE DARCILA', '070707@miexamen.in'),
('070708', '2053a18c13ad25333f307a8e054acdba', 'LUNA', 'KANCHA', 'SAUL HANS', '070708@miexamen.in'),
('070710', 'b3d0f7ec44f6948a2e5e175857a3df8c', 'MAXI', 'CAMA', 'ANALY', '070710@miexamen.in'),
('070711', 'fcbc482bbefab8fad907aaedba046141', 'MONTESINOS', 'QUISPICHU', 'EDVER', '070711@miexamen.in'),
('070712', '4c41026b124b47c95ae87ab000e34fa8', 'MORON', 'QUISPE', 'MILAGROS', '070712@miexamen.in'),
('070713', 'a55c9f77519d581cdaead4ad33376e20', 'OSIS', 'ORELLANA', 'WILBERT JUNIOR', '070713@miexamen.in'),
('070714', 'c9ac0c5c983cc9c681ce1b85cb95036e', 'PALOMINO', 'FLORES', 'MELUNI DANEY', '070714@miexamen.in'),
('070715', '564930cbe21df702f25028f35b277a4c', 'PALOMINO', 'MEDINA', 'RICHARD FROILAN', '070715@miexamen.in'),
('070717', '1a0db76c8c334d3696cf9ae987e1528f', 'PILLACA', 'HUGO', 'MORAYMA ZULEMA', '070717@miexamen.in'),
('070718', '0f0b91699dfdb195ac976f80689be6c0', 'POLO', 'SOTO', 'OMAR', '070718@miexamen.in'),
('070719', 'c59fc4c6160b3cefbddc33782cf4219b', 'PUENTE DE LA VEGA', 'CHAVEZ', 'JAIRO WILFREDO', '070719@miexamen.in'),
('070720', '25bd7781d4d1c2bcefea6f44a9cb4927', 'QUISPE', 'LOZANO', 'SHARON PRISCILLA SAMANTHA', '070720@miexamen.in'),
('070721', '11ebf7d048d1f1ec6e40c070552d57fd', 'QUISPE', 'MONGE', 'ALEX ALBERT', '070721@miexamen.in'),
('070722', '0214bff631c41652ae47f8970aef932c', 'QUISPE', 'MULLISACA', 'CARLOS', '070722@miexamen.in'),
('070724', '447d14c4e535892e2b2d580977dce131', 'ROJAS', 'ZUZUNAGA', 'JOSELYN', '070724@miexamen.in'),
('070726', '900ce65cf1519ce5c33b444bb81798d3', 'SANTOS', 'PRADO', 'MIGUEL ANGEL', '070726@miexamen.in'),
('070728', '33d005b2e1869ec907d0c8ff1ada6af8', 'VALDIVIA', 'GUEVARA', 'JUAN FLORENCIO', '070728@miexamen.in'),
('070729', 'b1d2df56754a3c55335b944d442314ff', 'WILSON', 'GONZALEZ', 'DANIEL ANDRE', '070729@miexamen.in'),
('070730', '464a1bb07b13bc01ae82f4d817710dca', 'YAÑEZ', 'SANZ', 'ANTHONY JOSEPH', '070730@miexamen.in'),
('073288', 'e31ad50450513f44152474e1412eb10d', 'ARREDONDO', 'CHECCAÑA', 'MARIO YEDGENY', '073288@miexamen.in'),
('073289', '2fcfda26059513f35081323e11bebe01', 'BALLON', 'SEGOVIA', 'HENRY LUIS', '073289@miexamen.in'),
('073291', 'f539606af229f1715cbc732782aa718d', 'CASTRO', 'LOPEZ', 'JOSIMAR ALBERT', '073291@miexamen.in'),
('073292', '03e577c7c7351bf64220921d6d4dfe91', 'CCALLA', 'RODRIGUEZ', 'YOEL', '073292@miexamen.in'),
('073293', '6815a55dfd096f1e98d5c9e2e8f9d25a', 'CESPEDES', 'TUPAYACHI', 'TIRZA RUBALY', '073293@miexamen.in'),
('073294', '0a91593c116282bf1eb255e47b103e37', 'CHARALLA', 'CUTIPA', 'JACK EZEQUIEL', '073294@miexamen.in'),
('073295', '2508e7acb7f537f928fb2d074b08ecbb', 'CHILE', 'GONZALES', 'JORGE', '073295@miexamen.in'),
('073296', '355c5f69b7b52db613701e595cc4e8f2', 'DELGADO', 'CARLOS', 'LUIS GUSTAVO', '073296@miexamen.in'),
('073297', 'c6df1a3449fea994e6f3eaae65947d80', 'ESCALANTE', 'MONTESINOS', 'MARILUZ', '073297@miexamen.in'),
('073298', '08706afda1ab920aeeda857662dcdcac', 'GONZALES', 'CCALLA', 'FELIX RUBEN', '073298@miexamen.in'),
('073299', 'b85cab58fde29f90537c45ed6ad9e39d', 'HUAMAN', 'LOAYZA', 'GUIDO', '073299@miexamen.in'),
('073300', '2466db82677c893cffbd96ad0324609d', 'HUAMAN', 'MEJIA', 'ALEXANDER JOSE', '073300@miexamen.in'),
('073303', 'd0d0c44f054b1b960e3accea318053c4', 'HUILLCA', 'MALMOREJO', 'THONY', '073303@miexamen.in'),
('073304', '8845f7e9e22e8511c5fcd2abc82e64ad', 'LAROTA', 'MAMANI', 'HERLY', '073304@miexamen.in'),
('073306', '38b3ddfc1fa04235c424ee051a4b479a', 'MONTESINOS', 'YNQUILTUPA', 'WILBERT', '073306@miexamen.in'),
('073307', '439e8070a4029672548cdc396d429afd', 'NOALCCA', 'APAZA', 'CESAR AUGUSTO', '073307@miexamen.in'),
('073308', 'e1fef897669a5c7d3aa6e3101ce0e4de', 'OCHOA', 'HUAYHUA', 'NOHELY LISSETH', '073308@miexamen.in'),
('073309', '416e0f273663ee51f3c7845d4a5b6ad4', 'OVALLE', 'GAMARRA', 'GIONAL', '073309@miexamen.in'),
('073310', '8304250e019e434c8ed3059c95ae1161', 'PALOMINO', 'VILLARROEL', 'CARLOS ALAIN', '073310@miexamen.in'),
('073311', 'a1d70e1b72866d463baff274598bd4e6', 'PAUCCARA', 'PINARES', 'DANIEL', '073311@miexamen.in'),
('073313', 'a24c1f5f058efb2c02b27daf2967f0c0', 'QUISPE', 'ALCCA', 'JAVIER', '073313@miexamen.in'),
('073314', '06074003eff4b6d8636ca43c051640e1', 'QUISPE', 'ARQQUE', 'ORLANDO', '073314@miexamen.in'),
('073315', 'd1fcc16e7c08aa54317c1b406625d383', 'QUISPE', 'TTITO', 'JIMMY NESTOR', '073315@miexamen.in'),
('073316', '1f6602ddfe09724b2d89c158b72c203c', 'RODAS', 'VELASQUEZ', 'GRISLIN CLARA', '073316@miexamen.in'),
('073317', '57fc2e96388c802f47ff3dca53584b3e', 'SANCHEZ', 'OLIVO', 'CARLOS', '073317@miexamen.in'),
('073318', 'ff45b97e628deffd8b25e902eb32f516', 'SERRANO', 'QUISPE', 'MAURO', '073318@miexamen.in'),
('073319', '8be6b2ce8dfc8bbdc98033476de4d6a7', 'SILVA', 'HURTADO', 'FREDDY WALBERTO', '073319@miexamen.in'),
('073320', 'd43fa4f41ab175b5e8d426ac92dcc050', 'SINSAYA', 'HUILLCAPACCO', 'GUIDO', '073320@miexamen.in'),
('073321', '12109adcdbb683862f08eae956bfc9ac', 'USCA', 'ABAL', 'MILTON', '073321@miexamen.in'),
('073322', '2545ba94713de58a1ab91f4ca1ce920e', 'VALENCIA', 'MAMANI', 'GLADYS ERICA', '073322@miexamen.in'),
('073323', '718162f8b3aec7e7a5a28ac76a637a40', 'VENERO', 'FERRO', 'SHEILA KATHERINE', '073323@miexamen.in'),
('073324', '27bbccf918cb0bc98460dc1e547bc7cd', 'VERA', 'ESPINO', 'IVAN ZOZIMO', '073324@miexamen.in'),
('073325', 'f7630fefcb6402b0e9444563e1e7350e', 'VILLALOBOS', 'CABRERA', 'KEVIN', '073325@miexamen.in'),
('073326', 'b95b8ed15a5bccfaac5ca1e8918297bc', 'YUNGURI', 'TTITO', 'JUAN CHRISTIAN', '073326@miexamen.in'),
('073327', '5527d94ba4f71187ed53f9792154bf0c', 'ZEVALLOS', 'CHUMBES', 'CESAR FRANCK', '073327@miexamen.in'),
('080014', '61757fd4e1e8c9e2a4531263eb0e9e3f', 'ALTAMIRANO', 'QUINTANILLA', 'LUZ ALINA', '080014@miexamen.in'),
('080207', '27af564dfe117c83266a911912b81536', 'ASLLA', 'SULLCA', 'JUSTA MARISOL', '080207@miexamen.in'),
('080211', '8e7eef100a91aa3df87be9204a513a61', 'CHOQUE', 'VELASQUEZ', 'RAMIRO', '080211@miexamen.in'),
('080214', '0d3b2969157e54cf37910725b9b03c42', 'FERRO', 'ARONE', 'RULMAN', '080214@miexamen.in'),
('080216', '3cdcfda2a186fc76397cd3236f0b4304', 'HUAMAN', 'MAMANI', 'NANCY', '080216@miexamen.in'),
('080217', 'd469e05e3856897196036ba8285ece68', 'JARA', 'JORDAN', 'GLUDER YURVI', '080217@miexamen.in'),
('080219', 'acfb298fe38a5fd22cbabd4cd0ccc18a', 'MOREANO', 'BRICEÑO', 'GROVER', '080219@miexamen.in'),
('080220', '00533c9b621cc2a7bdaf2b059e72dbe4', 'ORTIZ', 'ZAVALA', 'MIGUEL ANGEL', '080220@miexamen.in'),
('080221', 'e55ae2e8245b65c4da385ece3238d40d', 'PEÑA', 'LOAYZA', 'YAMIL ALBERTO', '080221@miexamen.in'),
('080223', 'b7805c9b597ebbf34c6b48d70853b7e9', 'QUISPE', 'ACOSTUPA', 'WILMAN PERCY', '080223@miexamen.in'),
('080224', '3a85f03efe05b351f819701a65ffea5e', 'ROLDAN', 'MEDINA', 'MOISES', '080224@miexamen.in'),
('080225', '48411f43bd214e3c70a76591960ccc0b', 'ROZAS', 'DAVILA', 'ALFREDO', '080225@miexamen.in'),
('080226', 'f8aaa3170d008e447c65ada76fa48ada', 'TRELLES', 'QUECAÑO', 'ELDER ALONSO', '080226@miexamen.in'),
('080227', '7b5bcc2ce1bb816e1849f96e1e85d4a0', 'UCHIRI', 'QUISPE', 'JESUS ABRAHAM', '080227@miexamen.in'),
('080229', 'fd5c42e85c4cef8f871500340376baad', 'VARGAS', 'CONDORI', 'EDY', '080229@miexamen.in'),
('080736', '13486a8495e9bd35509862cd92732de4', 'ANDRADE', 'CARI', 'JOSE GUILLERMO', '080736@miexamen.in'),
('080737', '12c5e1ff1023a7a032f4f30184dc16bc', 'CONDORI', 'HUILLCAHUAMAN', 'MAYDANA NAVIA', '080737@miexamen.in'),
('080738', 'a80d6890f4a2bf8e3d8594b5d6ff0819', 'GAMARRA', 'SALAS', 'JISBAJ', '080738@miexamen.in'),
('080739', 'f5e16f497b9c40fe74f3897b2d63ee47', 'GARCIA', 'ZANABRIA', 'GERMAIN', '080739@miexamen.in'),
('080740', '38f76cfd8e2c4f4009b22aab6b3e1596', 'LUPO', 'VALENCIA', 'CHRISTIAN', '080740@miexamen.in'),
('080741', '23ef126c940abbc81b9ebbd8be4e7189', 'MEDRANO', 'ÑUFLO', 'JAHDAI KELLY', '080741@miexamen.in'),
('080742', 'cf1c293ca998601fa8d31e696dccdb49', 'MENDOZA', 'BARRIO DE MENDOZA', 'CARLOS RAFAEL', '080742@miexamen.in'),
('080744', '0d823811e41f7d0aabdafeabedfbdac7', 'PUMA', 'CAVIEDES', 'FAVIO JUNIOR', '080744@miexamen.in'),
('080747', 'b1e7f8cf75b9ad0b6a1579684926fd42', 'TICONA', 'BEJAR', 'SAÚL WALDEMAR', '080747@miexamen.in'),
('081104', '075f0bdd57e2040c4157a3cde239cf8f', 'ALVAREZ', 'ROJAS', 'LUIS ALBERTO', '081104@miexamen.in'),
('081105', '546639220bbbd2c27e26555368aef58d', 'CCARITA', 'CRUZ', 'ANA MARITZA', '081105@miexamen.in'),
('081108', 'cbd1cc54f00acd62ec13abf717cf136e', 'FARFAN', 'CARO', 'WALDIR EDISON', '081108@miexamen.in'),
('081109', 'acd60f1b9d89d9ec4be6ba66bf68187b', 'LOZANO', 'APARICIO', 'JOSE MARTIN', '081109@miexamen.in'),
('081110', 'a2223f817c6c12cf7130bf14548622a4', 'MAYTA', 'SALAZAR', 'ELIZABETH DIONI', '081110@miexamen.in'),
('081111', '5565c3ea8aa88907a2f8f2b9e98ca1d4', 'SILVA', 'SOSA', 'ROSA ADELAIDA', '081111@miexamen.in'),
('081112', 'ef87069fc62af4094cf316a2875f5e6b', 'SUAREZ', 'VARGAS', 'DANNY', '081112@miexamen.in'),
('081113', '228d9cce90c40bc57fcb513b0a9919ce', 'TORRES', 'CALLAÑAUPA', 'BERTHIN SANDINO', '081113@miexamen.in'),
('081114', '0f604000aaa7fdef662f9dfb8bd6bc5b', 'VARGAS', 'MUÑOZ', 'JAVIER ALVARO', '081114@miexamen.in'),
('081317', 'bdbd02e7a2d41b0caebd2c34d5696315', 'CCAPATINTA', 'QUISPE', 'GREGORIO', '081317@miexamen.in'),
('081318', '6f5e13ad97dd25216f9b6f827f96d62b', 'DAVALOS', 'VILCA', 'KEVIN', '081318@miexamen.in'),
('081320', 'f2be8ef0abadb374b7d4c0c06c183048', 'SAAVEDRA', 'SORAS', 'IVONNE', '081320@miexamen.in'),
('081321', '641a705fe0633cf6f850885dc9e2e388', 'VALDEIGLESIAS', 'QUISPE', 'CRISTHIAN EDDY', '081321@miexamen.in'),
('081552', '659bca703bb877ce337aa75247aa41c3', 'ALTAMIRANO', 'CONDORI', 'ROEL JHONATAN', '081552@miexamen.in'),
('081553', '7de6ae975ec1e1f709bffad7c19837a7', 'BELLOTA', 'MENDOZA', 'JEAN PIERE', '081553@miexamen.in'),
('081555', 'ba3312bca118852956bb581de44b8cf8', 'CASTRO', 'GUZMAN', 'GROVER ENRIQUE', '081555@miexamen.in'),
('081556', 'c3f6b114e456e0f8f3c08ace0ddfc753', 'COLQUE', 'JORDAN', 'AMILCAR FERNANDO', '081556@miexamen.in'),
('081557', 'ef23ee661ec1d87201fed4f9e0848a97', 'CRUZ', 'FERNANDEZ BACA', 'GIUL LUCIANO', '081557@miexamen.in'),
('081563', '24ce15c43e9b74724a5f8a96fec975aa', 'MACHACA', 'ROZAS', 'WATSON', '081563@miexamen.in'),
('081564', 'b164dfbdea6c378bae18352994108ab3', 'MAMANI', 'TACO', 'NICANOR', '081564@miexamen.in'),
('081565', 'a5be41872c657848dbf06f80483538df', 'MORALES', 'QUIÑONES', 'MIGUEL ANGEL', '081565@miexamen.in'),
('081567', '33327bd5059a007255caf50441a6bbd5', 'PINARES', 'BOLIVAR', 'ALEXANDER', '081567@miexamen.in'),
('081568', '49f4f75ca563fb28d3bb44f93e9f73bd', 'PINTO', 'LAURA', 'MILTON YEISON', '081568@miexamen.in'),
('081570', 'c65d1aa35dca4f04f93ff1a2464282ef', 'PUCHO', 'HUARCA', 'HENRY', '081570@miexamen.in'),
('081572', 'ad414ebd48273b7d872e4d5f852cd119', 'QUISPE', 'HUAMAN', 'LISSETH YANINA', '081572@miexamen.in'),
('081573', '369d7f256ad1f6909cfad11898e6fa77', 'QUISPE', 'JALISTO', 'EDISON', '081573@miexamen.in'),
('081574', '05987cf279ea35595370550a63dbb1a0', 'QUISPE', 'VILCAHUAMAN', 'JORGE ALFREDO', '081574@miexamen.in'),
('081575', '48c16d1cd57b4443c21c2df90a90bc31', 'SUMIRI', 'CASTILLO', 'ALEXANDER', '081575@miexamen.in'),
('081576', '424bbc52186d58ef0d97d5017fc9fbac', 'VICENTE', 'MENDOZA', 'ALEXANDER', '081576@miexamen.in'),
('081577', 'dd1a045f33cb81856fbfa7bb5e61ba61', 'YUNGURI', 'FERNANDEZ', 'WILSON', '081577@miexamen.in'),
('081578', '4df2a17a72839586568349d7ada88125', 'ZARATE', 'DUEÑAS', 'JHON HEBERT', '081578@miexamen.in'),
('083174', '2b3866380a44df298c406309fc80f31c', 'ACHAHUI', 'VILCA', 'JIMENA SILVIA', '083174@miexamen.in'),
('083175', '82b3bb112e7ae2b06824b492cf7bcc15', 'ACHANCCARAY', 'NINANTAY', 'HANS PATRICK', '083175@miexamen.in'),
('083176', '0cabc70bb68cf7d1f53e1c8e61f3e80f', 'ARIZABAL', 'VERA', 'MANUEL MOISES', '083176@miexamen.in'),
('083178', '3a4126d210f0016401112d285e2387dc', 'BAEZ', 'QUISPE', 'JOSE FLORENCIO', '083178@miexamen.in'),
('083179', '2f1072bb2aff555e5bce2808d831d228', 'CASTRO', 'ECHAMA', 'WILBERT', '083179@miexamen.in'),
('083180', '811c2c83efeabfb4a1497b6ea02be315', 'CCOMPI', 'MANOTUPA', 'ANA MARIA', '083180@miexamen.in'),
('083181', '20b980eeeed8391618548d99154cf07a', 'CENTENO', 'VARGAS', 'PERCY', '083181@miexamen.in'),
('083182', 'bed9d0820ad003d78d0bfbe3bf929bea', 'CHAMBI', 'YUPA', 'RUSBEL NADINE', '083182@miexamen.in'),
('083185', '9a38a4ce2f2356fda1706e2c436b6f9b', 'CHINO', 'ESPINOZA', 'HEBERT', '083185@miexamen.in'),
('083186', '79cbd25973125441eb9de798fe508eda', 'CONDORI', 'CLEMENTE', 'REYNER LUIS', '083186@miexamen.in'),
('083190', 'd4bf9a8822162de16932d12191b22693', 'DELGADO', 'SALAZAR', 'JONY', '083190@miexamen.in'),
('083191', '6b265da516760a2a309530f39279a927', 'DIAZ', 'CACERES', 'LISHA SABAH', '083191@miexamen.in'),
('083192', 'c0734e4f44116867bf6f8df212419491', 'GROVAS', 'MENDOZA', 'MILNER', '083192@miexamen.in'),
('083193', '694e13f1e2001698058a570bfc3cd291', 'HAYTARA', 'LEON', 'ALEX DAVID', '083193@miexamen.in'),
('083194', 'c998e4a4e387a48473c182091e0e417f', 'HOLGADO', 'TUPA', 'JOSIE ALHELI', '083194@miexamen.in'),
('083195', '0a983a694ab4e368e04d770ca80edc43', 'HUAMAN', 'MEJIA', 'ARSENIO UBALDINO', '083195@miexamen.in'),
('083196', '4806838a1dd1d4d96bb8de256e372f43', 'HUAMANTTICA', 'SALAS', 'ERIC RODRIGO', '083196@miexamen.in'),
('083197', '8f349550012f92a6fa997bfcb268ac37', 'HUANCA', 'TUNQUIPA', 'ORLANDO', '083197@miexamen.in'),
('083199', '2793bccf48ff6d04004e078637b712ae', 'LAROTA', 'CUITO', 'ALCIDES', '083199@miexamen.in'),
('083201', '8c06349a7d0fededea98b9ff70c33d14', 'LUQUE', 'QUISPE', 'RUDY', '083201@miexamen.in'),
('083202', 'ae504bebc71e66a69776f9debc12220b', 'MARTINEZ', 'MORA', 'JOEL ANTONIO', '083202@miexamen.in'),
('083203', '661863125c98de67eea9a1f7a46e0119', 'MOLINA', 'ROCA', 'MIRIAM', '083203@miexamen.in'),
('083204', 'c72c7ece02d92e8b3adc361310b42af5', 'MONGE', 'RIVERO', 'EDWAR URIEL', '083204@miexamen.in'),
('083205', 'ef3ea69d0536f7b812f5ee7603cf1f7f', 'MORALES', 'VALENCIA', 'ERIKA ALEXANDRA', '083205@miexamen.in'),
('083206', 'ed70147815c19593aa49d434b3de645d', 'MOTTA', 'MARIN', 'JOELANGEL', '083206@miexamen.in'),
('083209', '280e226cbe6afa8fdf8debc9891ba2b9', 'PALOMINO', 'UGARTE', 'GEORGE ANDERSON', '083209@miexamen.in'),
('083210', '27fe9ae5c1b810f7d3685e278f766b9c', 'QUILLAHUAMAN', 'AUCCACUSI', 'ALBERT', '083210@miexamen.in'),
('083212', '98d94f0c1170af8463c602d928b0d9b0', 'QUISPE', 'AYALA', 'MILAGROS', '083212@miexamen.in'),
('083213', '63217667078ae09f181e5ad88da486ff', 'QUISPE', 'SULLI', 'FRANK JOHAN', '083213@miexamen.in'),
('083215', 'fd50f58a44c56abfe9daca7044f9b1c2', 'RIVERA', 'CUNO', 'ADA GABRIELA', '083215@miexamen.in'),
('083218', '5c4315f5e93be2977eb144424014b26a', 'SORIA', 'DESA', 'JEAN DIEGO', '083218@miexamen.in'),
('083219', 'd8d434ed2689c8c54c4b0f2513cd03f3', 'SOTO', 'PAUCAR', 'EDGAR RODRIGO', '083219@miexamen.in'),
('083221', '07511a4805d863d58f2a97f66676c1b5', 'TRUJILLO', 'TORBISCO', 'LUIS ANDERSON', '083221@miexamen.in'),
('083222', '884ac3e83b96a1543d26c5d4b6361db7', 'VARGAS', 'QUISPE', 'CHARLY', '083222@miexamen.in'),
('090002', 'ff92d7fe5eb5fc7a0c05b3cf8bf80f64', 'HUAMANÑAHUI', 'ZAVALA', 'FRANCIS', '090002@miexamen.in'),
('090206', '79fbc279cd6e3d25d0b9a849e0082972', 'ALVAREZ', 'CCOSCCO', 'KAREN INDIRA', '090206@miexamen.in'),
('090207', '40fc8145f620924ba15d1fcc2b36e8c1', 'ARENAS', 'ABARCA', 'EDWIN', '090207@miexamen.in'),
('090209', 'd6b0e9d7c66dfe8c2f54cd9e1e0a16f6', 'CASTRO', 'QUISPE', 'DIEGO ARMANDO', '090209@miexamen.in'),
('090210', 'd4ff370a1f305721018e173df438dc3b', 'CCACCYA', 'ROMANI', 'TITO WILLMAN', '090210@miexamen.in'),
('090211', '59c76754b70ff1705934d21685ee4531', 'CCAHUANA', 'AGUILAR', 'DAVID', '090211@miexamen.in'),
('090213', 'ae6a683b9bce7ad1d7f362fd155e29b2', 'CHAUCA', 'NAVIA', 'LUIS EDUARDO', '090213@miexamen.in'),
('090214', '437ac678b36ab5a258db05c7f778958d', 'CUTIRE', 'LINARES', 'DEYVIZ ELMER', '090214@miexamen.in'),
('090215', '004216a31ad8233db6d443120a10956f', 'GIBAJA', 'HUAYHUA', 'JUAN CARLOS', '090215@miexamen.in'),
('090216', '4afea7539669881b97b6e89608a1678a', 'GIL', 'ROJAS', 'JUAN MANUEL', '090216@miexamen.in'),
('090218', '0d2a7397e229b24c97de3a91e8140f8b', 'LLIMPI', 'NINA', 'JUAN SADDAN', '090218@miexamen.in'),
('090219', '9a173488beab27b41601e001b9b9e3a7', 'LUNA', 'CORNEJO', 'GIULIANA FREZIA', '090219@miexamen.in'),
('090220', 'c74b6f51d5cff1a57905b23c8d60c9a8', 'MAMANI', 'ARANIBAR', 'SANDRA MARY CARMEN', '090220@miexamen.in'),
('090221', '4a6a34eac4028a341c4487f9e0fb7400', 'MAMANI', 'CONDORI', 'ERROL WILDERD', '090221@miexamen.in'),
('090224', '6ec85239a9de74ad297734eecb3c9917', 'OBANDO', 'KCANCHA', 'LUZMAR', '090224@miexamen.in'),
('090225', '4587234df0a440de51feab5123e62858', 'QUISPE', 'BORDA', 'SHENY KATERINE', '090225@miexamen.in'),
('090226', '14cfac7909b42745f508bafcbe3103b5', 'QUISPE', 'LIMPE', 'MIRIAN TERESA', '090226@miexamen.in'),
('090227', 'b6cfbd3477d7beab285aed3a12f2cf5c', 'QUISPE', 'TORRES', 'GERAR FRANCIS', '090227@miexamen.in'),
('090228', '0bd723a3683ee9b60c33126069e83f63', 'RIQUELME', 'HUACOTO', 'PEDRO', '090228@miexamen.in'),
('090229', '7a42dd2ab36d0ec13df3a20b4397ba4c', 'SAIRITUPAC', 'ARONES', 'HENRRY JOEL', '090229@miexamen.in'),
('090231', 'b67843427092af7087a4357a7ff900ac', 'VARGAS', 'SOTO', 'JOEL YURY', '090231@miexamen.in'),
('090622', '1811b088f48b1f86f8037c5b53875b4c', 'CHUQUINAIRA', 'SAMA', 'IRIS', '090622@miexamen.in'),
('090623', 'e895ad192f0537b716947290fff8629e', 'HANCCO', 'QUIÑONES', 'YURY FERNANDO', '090623@miexamen.in'),
('090624', '79d42d353f4f7bec6629ef8968a2f085', 'YLLANES', 'PALOMINO', 'BRAYAN ELIO', '090624@miexamen.in'),
('090802', 'a7101f5bbe1d8c63e90f3aacac096587', 'AUCCAPUMA', 'GAMARRA', 'JHON DENNIS', '090802@miexamen.in'),
('090803', 'b2124320b01f965dd83cca51f129c20b', 'BACA', 'PINARES', 'HANSELT ABEL', '090803@miexamen.in'),
('090805', '5f4ce1d79c02271af4df1199ac7b3991', 'HUAMANGUILLAS', 'PUMAYALLI', 'MAXLUIN', '090805@miexamen.in'),
('090806', 'fe74c1a31f066130ea22896e92e71570', 'MAGAÑA', 'OSORIO', 'ALEX FERNANDO', '090806@miexamen.in'),
('090807', 'be0d1b3a3aed7789407a83c3d68e962e', 'ORTIZ', 'GUZMÁN', 'KAREL', '090807@miexamen.in'),
('090809', '4a447ab708ec123bac8be7e3b1bf3eed', 'QUISPE', 'PINARES', 'JEFFERSON', '090809@miexamen.in'),
('090810', '4531b603877788525bdbe4e5cd5c946e', 'RAYAN', 'SUNI', 'ORFELINDA', '090810@miexamen.in'),
('090812', 'e328c69737fb18846770ff8aae09510c', 'TAIPE', 'AGUILAR', 'CRISS KATHERINE', '090812@miexamen.in'),
('091188', 'ab2823de33c6438b9150c81de0e851b9', 'HUILLCA', 'DIAZ', 'JHULIAN JHASMANI', '091188@miexamen.in'),
('091190', '8889dad2f304196156798763626bd29d', 'PIZARRO', 'YAÑAC', 'ROBERT', '091190@miexamen.in'),
('091191', '69834726c0208143d684c11bcd3ac17c', 'POMALAZA', 'CUNO', 'CRISTHY ALEXANDRA', '091191@miexamen.in'),
('091192', 'd8d675961b2e20b3f716cd48561ca8fc', 'RAYME', 'CHAMBI', 'ERWIN MIULLER', '091192@miexamen.in'),
('091194', '7a0bd1cd5adad68e706d5115ee7424c1', 'SOTO', 'BUENO', 'CHRISTIAN STEVENS', '091194@miexamen.in'),
('091358', '92da7cb9b05550cacd0f0f23d3a9c2ac', 'CALDERON', 'MENDOZA', 'BRYAN KENSHY', '091358@miexamen.in'),
('091359', 'b9c96ae0019d62221ed0a31aab17a7da', 'CCAHUANTICO', 'CHOQUEVILCA', 'ANIBAL', '091359@miexamen.in'),
('091360', 'f9ed96515145f2bc8867f19812206770', 'HUILLCA', 'CHINO', 'HELDER', '091360@miexamen.in'),
('091361', 'e6c42e43a0f908fa6fe15b3a992aaac9', 'NEIRA', 'RAMOS', 'DIEGO ENRIQUE', '091361@miexamen.in'),
('091362', '4aa34a4e4b8b84abfbb16d87e9a547d6', 'PAUCAR', 'CCOPA', 'KATERINE BRENDA', '091362@miexamen.in'),
('091363', '068dd31af167bcda33878951b2a01e97', 'TTITO', 'CONCHA', 'EDISON KLEIBER', '091363@miexamen.in'),
('091600', '39302c2850df9029d2b5bdfaaf40fe42', 'ACHAHUI', 'SULLO', 'MARIA FRANCISCA', '091600@miexamen.in'),
('091601', '7a3caceec844b85c697bb08edb7d41fb', 'ARISACA', 'SUMA', 'FRESSIA LISSET', '091601@miexamen.in'),
('091604', '65eed8b065491a597b72747b2055415d', 'CONDORI', 'ARIZACA', 'JOSUE ALBERTO', '091604@miexamen.in'),
('091605', 'd3c53bdebeb6b999c035805de2b2e18f', 'HINOJOSA', 'QUISPE', 'JHON CRISTIAN', '091605@miexamen.in'),
('091606', '9c2935462e627a1dd9b7323332542e10', 'HUARACHA', 'MENDOZA', 'ALBERT MIGDONIOSMAR', '091606@miexamen.in'),
('091607', 'fed1402911207d48d2ec8125aa08171f', 'HUARHUA', 'CALLAÑAUPA', 'LINO DARIO', '091607@miexamen.in'),
('091608', 'b40b0fa93475bc8266dc227446db26de', 'LAUCATA', 'HUAMÁN', 'JOSEF RUBÚN', '091608@miexamen.in'),
('091609', 'e1dbe58c4f5af1f60e19a1b63405ef6d', 'LOAIZA', 'SALAZAR', 'JOHAN JEFRY', '091609@miexamen.in'),
('091610', '52215b944dab77b218d44657a0fca34d', 'OLAYUNCA', 'SENCIA', 'WILLIAM AUGUSTO', '091610@miexamen.in'),
('091611', '094ec45677c875e7a893ce46c4f7b466', 'QUISPE', 'CCASSA', 'DIANA ELITZA', '091611@miexamen.in'),
('091612', '5077b2e450f54e84eaa0691a7b082ea2', 'QUISPE', 'SUMIRI', 'FREDY', '091612@miexamen.in'),
('091613', 'cc3fa2bc393ba93cd530c13a760645e3', 'RAMIREZ', 'APAZA', 'EBERT', '091613@miexamen.in'),
('091614', 'b05ed035dedf58bfd3a856a32c948d56', 'RAMOS', 'PACCARA', 'PERCY', '091614@miexamen.in'),
('091615', 'b3911f9a86e8a3d579a757f247a31fcb', 'RAMOS', 'VILLARES', 'YANG ERVIMD', '091615@miexamen.in'),
('091616', '95bdf62ac6adcc37bc8f91a6574bac46', 'SANTA CRUZ', 'CARRION', 'CRISTHIAN', '091616@miexamen.in'),
('091617', '33c68bbb3d20a031d1abcc8450e73063', 'SENCCA', 'CHECYA', 'MICHAEL', '091617@miexamen.in'),
('091618', '7e267799a2da3d81926902a4a4f3e780', 'SEQUEIROS', 'SERRANO', 'OSCAR', '091618@miexamen.in'),
('091619', 'e4d2ec827ea8ca90a005d3f3b3495e35', 'SERRANO', 'QUISPE', 'BENGIE NICK', '091619@miexamen.in'),
('091620', '6e66f89fdfd92ab2d1704ace4b3d1d26', 'SONCCO', 'ALVAREZ', 'PAUL SIDNEY', '091620@miexamen.in'),
('091621', '6adab0bf4be00d2252e3038b80f8b4db', 'SOSA', 'GUERRA', 'SAMIR', '091621@miexamen.in'),
('091622', 'e65a50792276bbf114257674ded130ac', 'VALDEZ', 'CGUNO', 'JULIO CESAR', '091622@miexamen.in'),
('091623', '5537807a0de6748232977971a1d6b5fa', 'VALENCIA', 'FARFÁN', 'FRANKLIN', '091623@miexamen.in'),
('091624', 'fb7df8c2bd3a2d28e3114b298d97fec7', 'VELASQUEZ', 'AGUILAR', 'JESUS ALEJANDRO', '091624@miexamen.in'),
('091626', '8bd110c7ae742601e53602c2e56fb869', 'YANQUI', 'CHALLCO', 'EDSON GARY', '091626@miexamen.in'),
('091965', 'dddd27d134375fcc1af839ecbe5c087c', 'ROZAS', 'LLAMACPONCCA', 'RAMIRO', '091965@miexamen.in'),
('093152', 'c1a14d06e97a38d6e73e4d5568f26cfc', 'AMAO', 'ALVAREZ', 'JAMES NILTON', '093152@miexamen.in'),
('093155', '9c68c2e782eab1b864c8792d4727ab6e', 'BELLIDO', 'VALENZA', 'FRANZ HOUSTON', '093155@miexamen.in'),
('093156', 'b44abaf3270f85a003d23fb3e6f84c93', 'BUSTAMANTE', 'CHIHUANTITO', 'JULIO CESAR', '093156@miexamen.in'),
('093158', '9d86e753d6058ad31f02defb9436c627', 'CARRION', 'MEDRANO', 'HECTOR DAVID', '093158@miexamen.in'),
('093159', '9875baa3ee768f3c05887ccd2b62aedd', 'CASAVERDE', 'LÓPEZ', 'ALVARO CIRO', '093159@miexamen.in'),
('093160', 'aecf364a37e8deb1cba01b32d854201c', 'CHARA', 'TACURI', 'CESAR', '093160@miexamen.in'),
('093161', '4caaa10008d86ed1b5560938909d92ae', 'COA', 'LIMASCA', 'RODOL HARRY', '093161@miexamen.in'),
('093163', 'dd8104516ff70f681bf7b57b39789a0c', 'FERNANDEZ', 'MAMANI', 'DENIS BLADIMIR', '093163@miexamen.in'),
('093164', 'c2880562690726872919f900b375ea8d', 'FLORES', 'SOLIS', 'EDGAR JANSER', '093164@miexamen.in'),
('093166', '2f5eb90de66b69b20e75ebe3d4083b12', 'HUALLPARIMACHI', 'GARCIA', 'JHONY LUCIA', '093166@miexamen.in'),
('093167', '1c9bf888ae0a569aa98bcfad14a9daa4', 'HUAMAN', 'CASAFRANCA', 'BROTHYAM', '093167@miexamen.in'),
('093169', 'd06acfe3a3a379363fbae734c674bb94', 'HUAMANI', 'FLOREZ', 'RONALD', '093169@miexamen.in'),
('093170', '1157920f6ca1aa3a11c92b2f64ef865d', 'HUAMÁN', 'PEÑA', 'KATIA', '093170@miexamen.in'),
('093172', '103f1e7afcb287e8561484872fe2afec', 'HUAMAN', 'TACURI', 'PERCY', '093172@miexamen.in'),
('093173', 'dac549839d021fec18be81bff73e7bfe', 'HUANCA', 'QUISPE', 'YERSON FREDY', '093173@miexamen.in'),
('093174', '1cdd7531dfe21ccb1289e94dfd94250b', 'JIBAJA', 'ZARABIA', 'NAJEL', '093174@miexamen.in'),
('093175', '257e2665b3bccccc22dae84fdf0c8ccb', 'LAYME', 'MAMANI', 'NELSON', '093175@miexamen.in'),
('093176', 'ac579e3e4ca21b36809ab7de80998aef', 'MAITA', 'TORRES', 'GABRIEL', '093176@miexamen.in'),
('093177', 'bfed44d2b5825adf03d437b0542db649', 'MAMANI', 'CACERES', 'FRANKLIN', '093177@miexamen.in'),
('093178', 'e29707f75cb12d7a6dfb5cf5949ecdd1', 'MAMANI', 'CRISPIN', 'ISAI ISAAC', '093178@miexamen.in'),
('093179', '32e66024c1871d69e6e58147e449ed1b', 'MAMANI', 'PUMA', 'MARCO RICE', '093179@miexamen.in'),
('093180', '6e151428e32f0663600b4f9d70363f19', 'MAMANI', 'RIVERA', 'ALBERTO', '093180@miexamen.in'),
('093181', 'a5185fcede024693f526aca1e812694d', 'MENDOZA', 'BEJAR', 'YOHANA VERIOSKA', '093181@miexamen.in'),
('093182', '31024ba9dd511818e4558ac8f1e6f51b', 'NINA', 'QUISPE', 'NIKO ANTONY MANUEL', '093182@miexamen.in'),
('093183', '6ca71a3370fb2228cae5735cf249e6d3', 'OLARTE', 'CHULLO', 'ALBHERT EDISON', '093183@miexamen.in'),
('093184', '9c1f3c21c4cd75a4f4efef99c6d4f154', 'PANTIGOZO', 'GASTAÑAGA', 'DANIEL EDWIN', '093184@miexamen.in'),
('093186', 'b2013231c5d99cf0375566c5adaabb5a', 'QUISPE', 'HUAMAN', 'JORGE FLORENTINO', '093186@miexamen.in'),
('093187', 'fe917d601cc0ca665f93126f7a8ac81c', 'RAMIREZ', 'SANCA', 'NAYTI RUSEL', '093187@miexamen.in'),
('093188', '0f39eea9d8f5ff4e9bc17541f8ad48b2', 'RIMACHE', 'SUAREZ', 'WILSON', '093188@miexamen.in'),
('093189', '012ebde3c0b6c4ab10b4c99528b977d1', 'RIVAS', 'HUANCACURI', 'ROMEL STEVEN', '093189@miexamen.in'),
('093190', 'eff2e75eb1bd954665b5322e42820693', 'SALGADO', 'TACURI', 'ALEXIS', '093190@miexamen.in'),
('093191', '3a82f7fa47546363677266ab2c844575', 'SUCSA', 'HUAMAN', 'BRANNDHI', '093191@miexamen.in'),
('093192', '70a6f119a1b78125cdfc590efd274f0c', 'TERAN', 'CORREDOR', 'JESUS MANUEL', '093192@miexamen.in'),
('093193', '334949afcac49797a8fd6939298fb6c1', 'UNDA', 'ESCOBEDO', 'CESAR', '093193@miexamen.in'),
('093194', '9a88250d60c485773bb30b0d47683021', 'USCAMAITA', 'PACHECO', 'YHONATHAN EVERTH', '093194@miexamen.in'),
('093195', 'd8e9721555466ddca40a1a6c873eab4b', 'YUCRA', 'PAUCAR', 'BERTHA', '093195@miexamen.in'),
('093859', 'da308e2a91e73128cd828343884ed9de', 'CHECCORI', 'HUAMANI', 'YONATHAN CESAR', '093859@miexamen.in'),
('093860', '57821967597968d26033830ee325a947', 'ERGUETA', 'HUANCA', 'JORGE EDISON', '093860@miexamen.in'),
('094303', '432491583fb3b15e6712195a381b44cc', 'NAHUAMEL', 'SARCE', 'DENIS ANGEL', '094303@miexamen.in'),
('100006', '758691fdf7ae3403db0d3bd8ac3ad585', 'CHOQUE', 'SANTOS', 'OMAR DAVID', '100006@miexamen.in'),
('100031', 'c7a8558c636911c0f3135e6fe4b3e424', 'DURAND', 'NAVARRO', 'LUISA SHIRLEY', '100031@miexamen.in'),
('100124', '854c15a2cc21bff1f098562c965f9af5', 'GAVANCHO', 'RAMOS', 'GUILLERMO', '100124@miexamen.in'),
('100125', '4e18d87efd9065c06004a13b27b4fed8', 'MAZA', 'CHURATA', 'RUTH MILAGROS', '100125@miexamen.in'),
('100126', '939be06b51776c0a5974c1a32308644c', 'UMAYASI', 'CONDORI', 'WALDIR MENES', '100126@miexamen.in'),
('100258', '7007e8d7f1647375ea9a36771f843149', 'CALVO', 'CCALLO', 'YENNIFER ZULMA', '100258@miexamen.in'),
('100259', 'a6813ea21edd266628fbbba4422b2781', 'CHOQUENAIRA', 'TTITO', 'JHON', '100259@miexamen.in'),
('100260', 'eb8eab98c1dbaabf2da972b39f3b6fa8', 'CORONEL', 'FERNANDEZ BACA', 'KHAROL', '100260@miexamen.in'),
('100261', 'db74cbc76e7de03c6a37a48ce7d13936', 'GALARRETA', 'ZUÑIGA', 'BARBARA HARI', '100261@miexamen.in'),
('100262', 'fb25f533af20003e98a415c082e26c19', 'CATARI', 'SINSAYA', 'JAIME AMILCAR', '100262@miexamen.in'),
('100263', '01dd8aa720b951c82c45f2039d86caab', 'NUÑEZ', 'SULLCA', 'BRIGGITH BRENDA', '100263@miexamen.in'),
('100504', '8c2ea064d7fcdcb67c45f4b44167ead7', 'ALVAREZ', 'MAMANI', 'EDWIN', '100504@miexamen.in'),
('100505', 'a29e9f52618353450557f9103ce33287', 'ARONI', 'SOTO', 'WARREN STEPHEN', '100505@miexamen.in'),
('100506', '030652c03ac462dcb2af0b4e6896444c', 'BERRIO', 'PARI', 'MELINA', '100506@miexamen.in'),
('100507', '44c3ccfa8ea8125aed102351916738d1', 'CAHUANA', 'SURQUISLLA', 'MARILSA', '100507@miexamen.in'),
('100508', '602755dcc0177f7ab9fd73d86bc9eb54', 'CHOQQUE', 'CHAMPI', 'ERIK HAMMER', '100508@miexamen.in'),
('100509', 'e14b85fcfb57d4892d2057b8c3e8322e', 'CHUQUITAPA', 'CHALLCO', 'EDER ROMARIO', '100509@miexamen.in'),
('100510', '650404a0e6e27f3f7dde3afb7237ef94', 'CONDORI', 'OCHOA', 'OSCAR YONATAN', '100510@miexamen.in'),
('100511', 'c8f7812dd3b514f659209e1c46506f1a', 'GUTIERREZ', 'AMACHI', 'JUAN CARLOS', '100511@miexamen.in'),
('100512', '3640f85bf7d773b54c95e08166bf3849', 'HUALLPAMAITA', 'QUISPE', 'JOSE CARLOS', '100512@miexamen.in'),
('100513', '7168bb1710a8992c120e727bad9f9df8', 'HUAMAN', 'CRUZ', 'GREGORI VICENTE', '100513@miexamen.in'),
('100515', 'dc4dc0222aab19ade8c43110cf83659e', 'LAGUNA', 'PAUCAR', 'IVAN MOISES', '100515@miexamen.in'),
('100516', '6ec4fbd0134a740d3ff1faf860d8c32d', 'MONTALVO', 'CHECYA', 'BRAYAN TAKESHI', '100516@miexamen.in'),
('100517', '5e6f4ecb84c2cef4254267d8479a3fb4', 'NINA', 'CRUZ', 'JOSE CARLOS', '100517@miexamen.in'),
('100518', '630085ddaec89431e7717bfe0b6bb6e4', 'PARDO', 'MITMA', 'ELEUTERIO', '100518@miexamen.in'),
('100519', 'f50159600a269c5e390ca491668a8506', 'QUISPE', 'HUARACHA', 'ALEXANDER VICENTE', '100519@miexamen.in'),
('100520', '7606485f7238db7862596780df19de2a', 'RAMÞREZ', 'MONZãN', 'KAROL LEONEL', '100520@miexamen.in'),
('100521', '5041e4784b50a3c227c2fd4a580332a6', 'SARAYA', 'PILCO', 'RUBEN YHONATAN', '100521@miexamen.in'),
('100522', 'f06a8678e7b06ba1d81832f3538fe23e', 'SOTO', 'SOTOMAYOR', 'KRYSTYAN', '100522@miexamen.in'),
('100523', '0e993dffb88165eb32369e16dd25b536', 'TORRES', 'BULEJE', 'JOSE CARLOS', '100523@miexamen.in'),
('100524', 'c27eff104e0920917c707242e9783c2b', 'VILLAGRA', 'KCALA', 'SAUL', '100524@miexamen.in'),
('100525', '7d0de5f8ad343b69b58a5030cfb53eeb', 'YUPANQUI', 'AQUINO', 'JENNER ELVIN', '100525@miexamen.in'),
('101027', '9f0b7340a787526de6ac7c379c8b0cd9', 'ACHAHUI', 'PEREZ', 'DAVID', '101027@miexamen.in'),
('101028', 'ecf13d5027c708d700238704bc3eecf8', 'AMAO', 'SACA', 'ELIO EDISON', '101028@miexamen.in'),
('101030', 'f95c3d83f752066503d554ff8136675d', 'FRANCO', 'RUIZ', 'LUIS JUNIOR', '101030@miexamen.in'),
('101031', '17d2ba79091ad8d77f9ce68731c00986', 'HUAMANI', 'CCAPA', 'INGRITH YANET', '101031@miexamen.in'),
('101033', '4e5ebe622c84fab252561abc212fb9da', 'OJEDA', 'GALVAN', 'KAMILA GABRIELA', '101033@miexamen.in'),
('101036', '529ec2414488c9ce90ef776822dfdcc1', 'SIVINCHA', 'OLIVA', 'MARITZA', '101036@miexamen.in'),
('101037', '17e07daefe8b6ee31f109cbeeaa4d85a', 'URQUIZO', 'FUENTES', 'JESUS FABRIZIO', '101037@miexamen.in'),
('101038', '82aa5bd3a872b5a02b64b74d6f5e40ea', 'VELASQUEZ', 'BACA', 'FLOR DE MARIA', '101038@miexamen.in'),
('101039', 'b5552e55dadc46154b3f5aa7bcf07fe7', 'ZAMBRANO', 'RAMOS', 'BRYAN AXEL', '101039@miexamen.in'),
('101453', 'cbdadb0e00dfa685e7146b80dda3403b', 'CAYLLAHUA', 'AIVAR', 'REIMER AMERICO', '101453@miexamen.in'),
('101454', '9b0cd4ab4fc44dd576a5c32dc71e6094', 'CONDORI', 'BATALLANOS', 'DARCY CRISTHIAN', '101454@miexamen.in'),
('101455', '8178de590017a6417283e4df96f0f604', 'HUAHUASONCCO', 'GUTIERREZ', 'CESAR AUGUSTO', '101455@miexamen.in'),
('101457', '19d9d1efd0dc2f5899340d9744e83f40', 'HUIDOBRO', 'CASAS', 'HAROLD', '101457@miexamen.in'),
('101458', 'bd29ab8968f11acdd4c32ec1f826a917', 'MENSALA', 'MEDRANO', 'OMAR PORFIRIO', '101458@miexamen.in'),
('101654', 'b03dc14c740c48610c15dbd2f3fe2169', 'CARDENAS', 'PAUCAR', 'IRVIN CARLOS', '101654@miexamen.in'),
('101655', '0a9686f93f3a5dfa41c2f54614aa1fc3', 'CASTRO', 'DEL CARPIO', 'CRISTIAN', '101655@miexamen.in'),
('101656', 'c37601cf8722fc4295339d4ae38d47c7', 'CHAVEZ', 'LLANCAY', 'MONICA ALEXANDRA', '101656@miexamen.in'),
('101657', 'e5e8849ddbecbf9269d63ed3ec3a2712', 'CHILLCA', 'ANDAGUA', 'DENNYS', '101657@miexamen.in'),
('101658', '15755a406edacfe95ef093ee53a262a7', 'CHOQUE', 'CCOA', 'DENNIS ALIPIO', '101658@miexamen.in'),
('101659', '17d353450c59897356ad66f24d14b695', 'FERIA', 'TAPARA', 'JOSE ADOLFO', '101659@miexamen.in'),
('101661', '8f64c684d3363691facb14d7a7528afa', 'JUAREZ', 'HUILCANINA', 'LUCIO ANGELO', '101661@miexamen.in'),
('101662', 'bf4bce0f50754e8e01aae6cf68676218', 'MACHACA', 'QUISPE', 'LUCERO BETZABE', '101662@miexamen.in'),
('101663', 'e6c0b01349c2ecda41da7499ec43f1b8', 'MORA', 'QUISPE', 'LUIS ANGEL', '101663@miexamen.in'),
('101664', '3393943cfaaf586fefd9c487359bc3a7', 'QUISPE', 'RODRIGUEZ', 'LUIS ALEXEI', '101664@miexamen.in'),
('101665', '8a98e0b3825133d25d16ce771abb8268', 'QUISPE', 'SOTELO', 'RONY', '101665@miexamen.in'),
('101666', '4597232aa7faf049b916642376b23ff2', 'ROJAS', 'BENITES', 'MAXIMO', '101666@miexamen.in'),
('101667', '7c0c09d88e2155725c5a5d68b2d496cf', 'ZAVALA', 'MADERA', 'SAMUEL', '101667@miexamen.in'),
('103159', 'b97109536c13e6c3614f18d5d760c50f', 'AEDO', 'CCANA', 'NELSON SAUL', '103159@miexamen.in'),
('103160', 'f4b70107c41c6fa465bb747ed6b7fd1a', 'CAHUANA', 'ENRIQUEZ', 'BRYAN ROMMEL', '103160@miexamen.in'),
('103161', 'f5de4237bc4e314fcbbb3a850e64f1a9', 'CANALES', 'PINTO', 'JAIME', '103161@miexamen.in'),
('103162', '4786d3089e43cc9e075588c59a7eabd0', 'CANDIA', 'GUZMAN', 'KEVIN LUIS', '103162@miexamen.in'),
('103163', '1a3bb34913073498232c96001efc4801', 'DUEÑAS', 'OLARTE', 'JESUS RAPHAEL', '103163@miexamen.in'),
('103164', 'ab2f2370573e20f58dc8b5d7e79226d9', 'GARCIA', 'GARCIA', 'ROSA DIANA', '103164@miexamen.in'),
('103165', 'ce0b08abbe355d7cb793d0296dc8e4ce', 'HUALLPA', 'JORGE', 'JULY', '103165@miexamen.in'),
('103166', '849e69cad8d0709021e6a042086e6e97', 'HUAMAN', 'ZAGARATE', 'DIXSON', '103166@miexamen.in'),
('103167', 'f3904a73094a38c26de78d122d639ab1', 'LLANTERHUAY', 'GAMARRA', 'CRISTIAN', '103167@miexamen.in'),
('103168', '2a9eb210624753f544512c975c6262a6', 'LUPACA', 'PUMA', 'JHONEL', '103168@miexamen.in'),
('103169', '161c62b91445d360dbde2644a02e640e', 'MEJIA', 'PINTO', 'ABEL', '103169@miexamen.in'),
('103170', '40d438f3e9c034af30eb66ce5ef22192', 'MOROCCO', 'LAYME', 'JONATHAN', '103170@miexamen.in'),
('103171', 'd43f633d079beb098669f97f7301d3fb', 'NAHUAMEL', 'SARCE', 'JHON ANDER', '103171@miexamen.in'),
('103172', '02c5de9cfbf632ba13907f2baf22dbed', 'PALOMINO', 'POVEA', 'ANGEL', '103172@miexamen.in');
INSERT INTO tAlumno (codAlumno, password, apellidoP, apellidoM, nombres, email) VALUES
('103173', '2be7f58301252e627ce7e7005a2f8690', 'PANIAGUA', 'LOPEZ', 'YANIRA', '103173@miexamen.in'),
('103174', 'fd1acacadfb61942f84be9f27a67ec66', 'PAUCAR', 'FARFAN', 'CARLOS ENRIQUE', '103174@miexamen.in'),
('103175', '019ab65308b822e61cbc22498d936a86', 'QUISPE', 'TUPA', 'CRHISTIAN', '103175@miexamen.in'),
('103176', 'b6c8aea7c28ab06c8d32074e62f40fd5', 'RIVERA', 'CHILLCA', 'KAREN', '103176@miexamen.in'),
('103177', 'c8157144d45faf12c01a459170b2333a', 'TAPIA', 'MARURI', 'EMPERATRIZ', '103177@miexamen.in'),
('103178', '03a06cf8c363c2ccf43fd78620878a93', 'TTITO', 'TTITO', 'ROSMER', '103178@miexamen.in'),
('103179', '62c8983ee3395ef38580ff1d75451d55', 'YARANGA', 'ACHAHUI', 'ALDO', '103179@miexamen.in'),
('103180', 'f2bc7285cfe3df359308558ebde82fcc', 'ZARATE', 'PANTIGOSO', 'ELIZABETH', '103180@miexamen.in'),
('103181', 'bbe3e87d01f346d738c85bc77a4c11da', 'ZEGARRA', 'CORIMANYA', 'MARCO AURELIO', '103181@miexamen.in'),
('103637', '9328283bf09fb59d03ebc615dff13a14', 'AMAO', 'SULLCAHUAMAN', 'SHUI DANITZA', '103637@miexamen.in'),
('103638', 'e6a4cf408cf983269b571a585c9fddb3', 'CHAVEZ', 'PUMA', 'JESUS EZEQUIEL', '103638@miexamen.in'),
('103639', '6be4b83a8e6c3c5194c6940e0a5872f2', 'CJUIRO', 'PAZ', 'KATHERIN LUCY', '103639@miexamen.in'),
('103640', '38904aefaa5d1f6b1f20a767b53c7520', 'FERNANDEZ', 'CIPRIAN', 'EDSON ARMANDO', '103640@miexamen.in'),
('103641', '88a202ed3e8edffaa7d5530011934ee2', 'GUTIERREZ', 'LEZAMA', 'KARLA', '103641@miexamen.in'),
('103642', 'bbe86a4b8e8ef1d4b6315c2aa25ebc89', 'HERMOZA', 'SALCEDO', 'FAHED', '103642@miexamen.in'),
('103643', '1d93fb5fa2b29b35d135653bdc08e257', 'HUANCA', 'SOTO', 'JOEL', '103643@miexamen.in'),
('103644', 'd1ff748e12bd53f443985bcabc9d010a', 'LARICO', 'RODRIGO', 'EDER PAUL', '103644@miexamen.in'),
('103645', 'd079d52c1ab6ac6434fc560aaeee7783', 'MUÑIZ', 'HUAMAN', 'OMAR ALEXANDER', '103645@miexamen.in'),
('103646', '359469a6fa7e29eafe2f9edb0ba441d6', 'PIMENTEL', 'CRUZ', 'JIMMY', '103646@miexamen.in'),
('103647', 'ffa60f75e0651f8f7705bcfa1f87b7fe', 'QUISPE', 'ARONI', 'JESUS ADEL', '103647@miexamen.in'),
('103648', 'a2b84f8d50314feb015cc7f8f1604726', 'QUISPE', 'HUMPIRI', 'LUZ MERY', '103648@miexamen.in'),
('103649', 'd14fb78b80ddb594f036d2227e4f20c8', 'UMERES', 'JIMENEZ', 'PATRICIA', '103649@miexamen.in'),
('103650', 'f2f608e8f5a4a09f04bd02bdce889ccf', 'ZEA', 'LOAIZA', 'JHON JHORDY', '103650@miexamen.in'),
('110038', 'ecaccf9c2e79e0e53a55e43819877b5b', 'FLOREZ', 'TINTA', 'VLADIMIR', '110038@miexamen.in'),
('110044', 'ddb359ef6aaa49c9f923344e6abb542a', 'LOAIZA', 'CERECEDA', 'MOISES', '110044@miexamen.in'),
('110069', 'c12181fa02cd48520948b4f8e726a7d0', 'ALMIDÓN', 'INGA', 'YERSSI KORI', '110069@miexamen.in'),
('110071', '918968fab0d168a268696a400b2e6965', 'MUNIVE', 'SALAS', 'CIRO', '110071@miexamen.in'),
('110128', 'bb354328b2ec9cf230f189ba84aba907', 'ACHIRI', 'LAGUNA', 'ERICK', '110128@miexamen.in'),
('110129', '512bac1f178f22da9d91e2d381392120', 'CHOQUE', 'BORDA', 'GARY GIANPIER', '110129@miexamen.in'),
('110130', '6e1a9f100cff2c677c2d22c30c77f155', 'PALOMINO', 'VARGAS', 'GREG WILIAM', '110130@miexamen.in'),
('110283', '24b94f325c82cbbc6b84223b961a2d78', 'BARRIENTOS', 'PALOMINO', 'INGRID', '110283@miexamen.in'),
('110284', '84b9e11b0b18c0455900f62947360ec1', 'CCOPA', 'PERALTA', 'RONNIE JIMMY', '110284@miexamen.in'),
('110285', '3bafbdfff60c0b7100d96e5a6d51a380', 'CUNZA', 'APAZA', 'JHON ALEX', '110285@miexamen.in'),
('110286', 'cbb49427371f0a544055f1ccb3c34ac2', 'DURAN', 'CUSI', 'ALEX RENATO', '110286@miexamen.in'),
('110287', 'ca70ee660dbe041ce148b902503fd5a0', 'TTITO', 'UGARTE', 'LESLY SHESSIRA', '110287@miexamen.in'),
('110288', 'fc51f5e7884ae7907030155cbb8bb5ac', 'USCAMAITA', 'QUISPETUPA', 'MARYCEL', '110288@miexamen.in'),
('110584', 'a55f412d2ae441b61208eb167bbe3b6d', 'ABARCA', 'CONTRERAS', 'ZADAN SANTOS', '110584@miexamen.in'),
('110585', '05e3ff060b4dda09fc8bca159cee97a8', 'ALATA', 'SEQUEIROS', 'JOHAN ALI', '110585@miexamen.in'),
('110586', '123b3a24de6efdf1dffc4d9ca34eed02', 'ARAPA', 'PINO', 'DIANA ESTEFANY', '110586@miexamen.in'),
('110587', '33cd0aa6b188d47255582e6d75509537', 'CAHUA', 'ARAGON', 'SAMIER', '110587@miexamen.in'),
('110588', 'c8d5fd6ca1de737790b42d4e63366062', 'CAMAZA', 'CASTRO', 'JIMMY EDWARD', '110588@miexamen.in'),
('110589', 'fac1d476b606bdc5c8bd5e371b1b97c3', 'CCOA', 'HANAMPA', 'ALEJANDRA', '110589@miexamen.in'),
('110590', '1aaceaf40aad6a8e3908ef6bc51beb31', 'CISNEROS', 'QUINTASI', 'EDGARD FERNANDO', '110590@miexamen.in'),
('110591', 'a47c381e1f51aa8e1502d595ee9263bb', 'CUTIPA', 'VALENCIA', 'JULIO CESAR', '110591@miexamen.in'),
('110592', '360792dd92192c52a1175b4471a05e44', 'DELGADO', 'CCOMPI', 'NOE ELIAS', '110592@miexamen.in'),
('110593', 'e3b7c22d598b1586b19135ef27aa359a', 'ESTRADA', 'LOPEZ', 'JONATHAN JAVIER', '110593@miexamen.in'),
('110594', 'ca690a614a61da51aaf4a4fff4a8db97', 'GROVAS', 'QUISPE', 'JOSE MIGUEL', '110594@miexamen.in'),
('110595', '88884fa0b95961dea383025c31be8bf0', 'JARA', 'QUISPE', 'LUIS MANUEL', '110595@miexamen.in'),
('110596', 'ec66a085a443216c060444ba56951d0d', 'LAGOS', 'LIZARME', 'FERNANDO ENMANUEL', '110596@miexamen.in'),
('110597', 'ac126d0094091f54abdeb52881fad8fb', 'LLOCLLE', 'PUMA', 'HOLGUER', '110597@miexamen.in'),
('110598', '3e89a9a528aeb45af290530959ac7780', 'MERCADO', 'LEON', 'JOHANN', '110598@miexamen.in'),
('110599', 'e58dfd5f5b85d581429755389832179d', 'MERMA', 'CANO', 'KENY ORLANDO', '110599@miexamen.in'),
('110600', 'd25293804e795b5a5e249f9a0e70010c', 'MEZA', 'LIPA', 'JESUS WAGNER', '110600@miexamen.in'),
('110601', '126ad03316db7675164e3f0c8be270e9', 'MOLLINEDO', 'PEÑA', 'YERALDO LUIS', '110601@miexamen.in'),
('110602', '507c9dcd6538b05090d22c4b73c535a7', 'PINELO', 'ESCALANTE', 'PAUL ALONSO', '110602@miexamen.in'),
('110603', 'ae67c7640ebb8ead39d9f7a7594ca8f9', 'PUMAYALLI', 'CUSICUNA', 'FRANK EDISON', '110603@miexamen.in'),
('110604', 'f9f96ab36154ac61db6f6ec6ac4faee1', 'RAMIREZ', 'OCAMPO', 'MAGDALENA BEATRIZ', '110604@miexamen.in'),
('110605', 'a53d7407b26bb9c74b4260b18d151ac7', 'SOTO', 'SOTO', 'YAENSTON', '110605@miexamen.in'),
('111171', '7addb215fc6363d5941bf450668c8107', 'AYMA', 'RAIME', 'YURI', '111171@miexamen.in'),
('111172', '73a2b1249b739374fcd635859190259b', 'CAHUANA', 'GUILLEN', 'HECTOR', '111172@miexamen.in'),
('111173', 'f6622f8d67a2c2f12bc76a632494a5d3', 'CALLA', 'CORNEJO', 'RAFAEL ANTONIO', '111173@miexamen.in'),
('111174', '69ee2a0a972443ca8f3abc60023d1c96', 'CANDIA', 'HUANACO', 'NERIO', '111174@miexamen.in'),
('111175', 'd3e2bb41160d83df6caaff0e289848ad', 'CARRASCO', 'CUNZA', 'DANIEL ALEXANDER', '111175@miexamen.in'),
('111176', '0db0c4bf1bd7f11839c8add95e5bb03c', 'CCOA', 'QUINTANA', 'CHARLYHE JAVIER', '111176@miexamen.in'),
('111177', '26e15f51ca014db995acd8b1b4111603', 'CCOYA', 'LUNA', 'FERNANDO', '111177@miexamen.in'),
('111178', '1073fd3b72117072a7ed0dc3de84658a', 'FARFAN', 'ZAMBRANO', 'MANUEL EDINSSON', '111178@miexamen.in'),
('111179', '473b0f8ca8a1699add03ec906143b29a', 'HALLASI', 'GARRIDO', 'PAMELA LOURDES HEYDI', '111179@miexamen.in'),
('111180', '83be8af1a341e5e79c59a9699d665c4a', 'HERMOZA', 'CUSI', 'ROXANA', '111180@miexamen.in'),
('111181', '4da7fad80e556ef06e37239398f6b269', 'MERCADO', 'USCAMAYTA', 'EULER IVAN', '111181@miexamen.in'),
('111182', '5f0cb8261faca46ec697775385b9a3ff', 'PORTUGAL', 'CHURATA', 'DIANA VERONICA', '111182@miexamen.in'),
('111183', 'da94b28e324e26d485c24e3e563d9c4b', 'RAMOS', 'HUARCAYA', 'YOHAN NATALY', '111183@miexamen.in'),
('111184', '62d43b9603d198b5f1c03d4ebdd12be9', 'RIQUELME', 'GUDIEL', 'VERONICA', '111184@miexamen.in'),
('111185', '8be1e5baf37a2383302165e0258dfc4d', 'VELASQUEZ', 'LINARES', 'PALOMA GABRIELA', '111185@miexamen.in'),
('111647', 'f463dc1e380687288ad7b9c689b7a2a7', 'ARROYO', 'CCASANI', 'LUIS ALBERTO', '111647@miexamen.in'),
('111648', '76309ad71e20e963ec6cf4b5b8a9b87f', 'CAMPOS', 'ARDILES', 'FERNANDO', '111648@miexamen.in'),
('111649', 'c689d7701b4a5a768abb0dc02d6f2343', 'HUAYACONZA', 'CONDORI', 'ARTHUR DAVIS', '111649@miexamen.in'),
('111650', '7b7ce36c2ea799b3061c3d5361bd374b', 'HUERTA', 'VELASQUEZ', 'ITALO GARY', '111650@miexamen.in'),
('111651', '678375416d1b7c0a8e2254e1aa804954', 'QUISPE', 'SOTO', 'WILLIAM', '111651@miexamen.in'),
('111855', '08f91bd782ebdfd39ad842047490c2a1', 'AGUILAR', 'ESTRADA', 'KAROL INDIRA', '111855@miexamen.in'),
('111856', '4dbc83c122596295bdcb537e52fa6267', 'BACA', 'CHOQUE', 'CARLOS ALFREDO', '111856@miexamen.in'),
('111857', '8e923f1ddeec7a3889dfcfcdeada179e', 'CABRERA', 'VELARDE', 'VALID VÁLERY', '111857@miexamen.in'),
('111858', '0a72857d0e75c47a1e24539ad2f3f291', 'CAHUASCANCO', 'HUAMAN', 'JOCETH', '111858@miexamen.in'),
('111859', '040c27d5baabe0ba5ba346019b29bb3f', 'CCOPA', 'HUANCA', 'WENDY LIZENDA', '111859@miexamen.in'),
('111860', '57bb714c9b3cc814b5f2a1dbdb717f5a', 'CHALCO', 'CARRASCO', 'DENNIS ERICK', '111860@miexamen.in'),
('111861', 'd3c7f5110b67910707046b4cd58b84a2', 'FLORES', 'ATAUCHI', 'PAUL DANY', '111861@miexamen.in'),
('111862', 'a2185673cc278f4e363afb0a09c68c52', 'HERRERA', 'HUAMAN', 'LUIS FELIPE', '111862@miexamen.in'),
('111863', '4649218f1be5623313db260267271928', 'HUANCA', 'CONTRERAS', 'ALEXANDER IAN', '111863@miexamen.in'),
('111864', '1b654975aa9940d29d99efe8d53f17d2', 'HUILLCA', 'QUISPE', 'YULIZA', '111864@miexamen.in'),
('111865', 'f7ba21632b42db2bf2d5b4d5222a3e34', 'JARA', 'MEJIA', 'ANTONI', '111865@miexamen.in'),
('111866', '979076656509dcbba02031bbee7b835f', 'MAYLLE', 'GARCIA', 'LINCOLN ALBERTO', '111866@miexamen.in'),
('111867', '2c4b862cbc4df0222ce6dc1bed23ab42', 'PAUCAR', 'PINTO', 'DEYBIS YOUL', '111867@miexamen.in'),
('111868', '5326d8b2e69f72a027ab9c3627cae006', 'VICENTE', 'RAMIREZ', 'GUIDO', '111868@miexamen.in'),
('113548', '7d67b77a3c1e8e34a9962193b7f63496', 'ARCONDO', 'VARGAS', 'IVONNE OLENKA', '113548@miexamen.in'),
('113549', '24e73d792604571c4ffbf6890f56b9ac', 'BERNAL', 'RIOS', 'PAUL THEO', '113549@miexamen.in'),
('113550', 'bb076991c5c7cb0165f9c389560878a5', 'BONIFACIO', 'PAUCAR', 'ROLANDO FELIPE', '113550@miexamen.in'),
('113551', '75a9541ac7c83d368cc3edb3391e5f35', 'DENOS', 'HUAMAN', 'FIORELLA', '113551@miexamen.in'),
('113552', 'a8ef540657130c7bc0da05a14eeda4d4', 'FARFAN', 'LAZO', 'JOSUE', '113552@miexamen.in'),
('113553', '485d661f417583db9310e19eb1b3d021', 'FLORES', 'YUCRA', 'IGNACIO', '113553@miexamen.in'),
('113554', 'd6d5abb0f32fcdc07c1bf487ec5ce10a', 'HUAMAN', 'ORTEGA', 'ALEX', '113554@miexamen.in'),
('113555', '6098eddc58e31ac2f3e070cb839faa6a', 'HUAYTA', 'QUISPE', 'LUCY ALINA', '113555@miexamen.in'),
('113556', '14e3589b9d4768a03912a8751e53f325', 'HUILLCA', 'UMERES', 'NELIDA', '113556@miexamen.in'),
('113557', '117164c17de9189b2e747a86836eaefa', 'LANADO', 'DE LOS ANDES', 'SHERILYN MICHELLE', '113557@miexamen.in'),
('113558', '05d95802fa9e35afe18c0f1d90e37968', 'LAVILLA', 'ALVAREZ', 'VANESA', '113558@miexamen.in'),
('113559', 'd43a8e2319380b8ba8ad5f5a95ef3856', 'MAMANI', 'ARIAS', 'JULIO CESAR', '113559@miexamen.in'),
('113560', '721ab01a09fd5633cebd36fe56afafac', 'MARCA', 'PFOCCORI', 'LUZ  MARIBEL', '113560@miexamen.in'),
('113561', 'eef0804828217714bdd6c81cffef7086', 'MAXDEO', 'LAGOS', 'KEVIN ROUSBEL', '113561@miexamen.in'),
('113562', '4b98b672892998e4d5f502221e2973b4', 'MENDOZA', 'HUAILLAPUMA', 'ELISBAN', '113562@miexamen.in'),
('113563', 'b30ad65b49077d3842f3187c97403ec6', 'NINA', 'APAZA', 'YERSI', '113563@miexamen.in'),
('113564', '0469fdee72c1c9290703b122daf12518', 'PACCO', 'QUISPE', 'DEIVI', '113564@miexamen.in'),
('113565', '95d19ea4a20626390741a3b44abc09fd', 'QUISPE', 'ARANA', 'KAREN MADELISSE', '113565@miexamen.in'),
('113566', 'c133ddbd5c123873cf4c70271bd7322f', 'QUISPE', 'FERNANDEZ', 'JOJHAN RAFAEL', '113566@miexamen.in'),
('113567', 'e3827a5a40ee37e68f3958d3f758f408', 'QUISPE', 'HUARHUA', 'IVAN ARTHUR', '113567@miexamen.in'),
('113568', '56c760dccc0277f75498d07723e38bd4', 'QUISPE', 'QUISPE', 'VERONICA', '113568@miexamen.in'),
('113569', '1c5b1c32f866bbe38dcf61ef1bae420b', 'SANTANDER', 'MACEDO', 'DERBY', '113569@miexamen.in'),
('113570', '772cd096cad6ce88360ade41b86ea637', 'YUNGURI', 'CHAIÑA', 'OSCAR ARMANDO', '113570@miexamen.in'),
('114136', '8a7a14cd9861f6b4dee830902814d315', 'ALMIRON', 'GONZALES', 'JUAN RAISER', '114136@miexamen.in'),
('114137', '67b4c26bbdd9afff93032f82b31dd3c0', 'AQUEPUCHO', 'QUISPE', 'WILFREDO', '114137@miexamen.in'),
('114138', 'ef5c70b5b9fbc7778ef557256146cf8d', 'ARAOZ', 'FLORES', 'ARNOLD FRANCIS', '114138@miexamen.in'),
('114139', 'c3f94b52a59b487ccdec4e35476b4bad', 'CCOAQUIRA', 'CONDORI', 'YEAN CARLOS', '114139@miexamen.in'),
('114140', '80dfbcb5e15a4ce875452354c3f85772', 'CONDE', 'SAIRE', 'DARWIN', '114140@miexamen.in'),
('114141', '1bfbfbab83ef5026106cd97a6d4c6154', 'FLORES', 'SANTOS', 'YEREMI ANDREI', '114141@miexamen.in'),
('114142', 'aab947b7ee6321d9770bc4860c7f8666', 'GUTIERREZ', 'HUAHUATICO', 'NOE KOVIET', '114142@miexamen.in'),
('114143', 'cc350741fcca2a445120ba224d0cb1bf', 'HUAMANI', 'MENDOZA', 'ERACLEO JUAN', '114143@miexamen.in'),
('114144', 'bc67bceac14e7fcd8b506df3f4680499', 'HUAMANI', 'PILA', 'ALIDA', '114144@miexamen.in'),
('114145', 'e0bce4e7a7fd6fd26c18e64a3c7934b2', 'HUARAC', 'SAÑAC', 'YOVANA', '114145@miexamen.in'),
('114146', 'af6dd5bc53c3aa0e2c6f11948fad4d29', 'JOVE', 'CHIRINOS', 'PERCY BRYAN', '114146@miexamen.in'),
('114147', 'ff890f0676c8a7da4fe5f9c3f4df7c0b', 'KANA', 'GAMARRA', 'MARIO RODOLFO', '114147@miexamen.in'),
('114148', '9ead7c330f2b115938b886669b0522b7', 'OQUENDO', 'GRAJEDA', 'MARIA LISBETH', '114148@miexamen.in'),
('114149', 'b5b71ae1007831fb64a2ad9375763b01', 'QUISPE', 'MOLINA', 'DENNIS PEDRO', '114149@miexamen.in'),
('114150', 'a54e1325c917c695ea28f9dc6a36a478', 'TAPIA', 'BERNEDO', 'JOSE CARLOS', '114150@miexamen.in'),
('932310', 'b8ab784ec6fa39078cffe6ecbaff6f7e', 'CALLO', 'ESQUERRA', 'JUVENAL', '932310@miexamen.in'),
('940429', '679b39891e7e30f908fb45c7dbcdbd70', 'ZELA', 'AGUIRRE', 'JUDITH YOVANA', '940429@miexamen.in'),
('960258', '76c722251e55a76fbbdc2fe8fb65a803', 'FELIX', 'FLORES', 'ERICH HIMMLER', '960258@miexamen.in'),
('960273', '1cc994c4c265b22fa09c1f69a38cd07c', 'MOJO', 'QUISANI', 'NICANOR', '960273@miexamen.in'),
('962202', 'e80569a552ede7b679d9d4c28b8bf5e1', 'SIANCAS', 'VALDARRAGO', 'JORGE ALBERTO', '962202@miexamen.in'),
('971423', 'bab02d28c102b6f768ca513a306dbdf7', 'CAIRA', 'HUANCA', 'RENE EDISON', '971423@miexamen.in'),
('971444', 'c76d7a7d4a7ebb76ebcaa53a3a57c545', 'LAURA', 'CONDORI', 'PERCY', '971444@miexamen.in'),
('971450', '3f266a99bafec2d21b28d24f79b6ce51', 'MASIAS', 'QUISPE', 'EDGAR', '971450@miexamen.in'),
('980501', '6f6c891a858e59d597d80b3e03a01202', 'MOSCOSO', 'APAZA', 'ALFREDO OMAR', '980501@miexamen.in'),
('981847', '497aa5d20453670f3e531f4e90dee7d6', 'HERRERA', 'MENDOZA', 'FREDY MAURO', '981847@miexamen.in'),
('990530', '9f0cbd0ec42896b5b58ca319628c0971', 'RIOS', 'QUISPE', 'RONALD', '990530@miexamen.in'),
('990617', 'a257e5b82cbd2e66e0b358093791b3fa', 'CALLAPIÑA', 'COSIO', 'LUIS RAFAEL', '990617@miexamen.in'),
('990623', '8a750e1c1969e950f817a09a34d165c8', 'CASTRO', 'ALVAREZ', 'JORGE FRANCISCO', '990623@miexamen.in'),
('990652', '79fbe0661e04fcca6a0797953a76222b', 'SAMATA', 'CCASA', 'HUGO EDSON', '990652@miexamen.in'),
('991745', '8cba6ea213b5d972f22eae3182671404', 'HERMOZA', 'PONCE', 'AZUCENA', '991745@miexamen.in'),
('992091', 'a1ae1b3dc3da831a823c566996da771c', 'CRUZ', 'ZAMALLOA', 'OMAR ROLANDO', '992091@miexamen.in'),
('992095', 'd430ff9a075ac3aab2190bc98eb58297', 'MAMANI', 'HUARAYA', 'EVER', '992095@miexamen.in'),
('992168', '5a6089a8be3492d7725369e7b86de503', 'ESCOBAR', 'LOPEZ', 'JORGE LUIS', '992168@miexamen.in'),
('992174', '19d194c1a44ae010649407762f7ee272', 'MOLINA', 'MUÑIZ', 'ERICK AUGUSTO', '992174@miexamen.in'),
('992175', 'ef3120fb40145479117e380ecf289552', 'MONDRAGON', 'PORRAS', 'LUIS CARLOS', '992175@miexamen.in'),
('062863', '37f29e8ab9a27e91dfd13b31b2584ae0', 'ZUNIGA', 'MASIAS', 'YOSSMEL', '062863@miexamen.in'),
('992182', '3d53f3c2ffb06318d873009e619b41e7', 'SONCCO', 'PIMENTEL', 'BRAULIO ANDRES', '992182@miexamen.in');

INSERT INTO tCurso (codCurso, nombre, creditos, categoria, activo) VALUES
('AD153AIN', 'ADMINISTRACION DE LAS ORGANIZACIONES', 4, 'ECG', 'S'),
('CO152AIN', 'CONTABILIDAD GENERAL I', 3, 'EE', 'S'),
('DE151AIN', 'CONSTITUCION POLITICA DEL PERU Y DERECHOS HUMANOS', 2, 'OCG', 'S'),
('EC171AIN', 'TEORIA ECONOMICA', 3, 'OCG', 'S'),
('EC217ZIN', 'TEORIA ECONOMICA', 3, 'OCG', 'S'),
('EC702AIN', 'COSTOS Y PRESUPUESTOS', 3, 'EE', 'S'),
('ED153AIN', 'METODOS Y TECNICAS DE APRENDIZAJE', 3, 'OCG', 'S'),
('FI261AIN', 'FISICA I', 4, 'OE', 'S'),
('FI261BIN', 'FISICA I', 4, 'OE', 'S'),
('FI261CIN', 'FISICA I', 4, 'OE', 'S'),
('FI263AIN', 'FISICA III', 4, 'OE', 'S'),
('FI263BIN', 'FISICA III', 4, 'OE', 'S'),
('FI264AIN', 'FISICA IV', 4, 'OE', 'S'),
('FI264BIN', 'FISICA IV', 4, 'OE', 'S'),
('FI357AIN', 'MICROELECTRONICA', 4, 'OE', 'S'),
('FP179AIN', 'FILOSOFIA DE LA CIENCIA', 3, 'ECG', 'S'),
('IF001AIN', 'SEMINARIO EN INFORMATICA', 3, 'SEM', 'S'),
('IF053AIN', 'ACTIVIDADES PRODUCCION DE BIENES Y PRESTACION DE SERVICIOS', 1, 'AC', 'S'),
('IF101AIN', 'INTRODUCCION A LA INFORMATICA', 4, 'OE', 'S'),
('IF101BIN', 'INTRODUCCION A LA INFORMATICA', 4, 'OE', 'S'),
('IF202AIN', 'SISTEMAS DE INFORMACION II', 4, 'OE', 'S'),
('IF203AIN', 'ADMINISTRACION DE CENTROS DE COMPUTO', 4, 'OE', 'S'),
('IF209AIN', 'INGENIERIA DE SOFTWARE', 4, 'OE', 'S'),
('IF210AIN', 'PLANEAMIENTO ESTRATEGICO', 4, 'OE', 'S'),
('IF212AIN', 'SEGURIDAD CONTROL Y AUDITORIA DE SISTEMAS INFORMATICOS', 4, 'EE', 'S'),
('IF213AIN', 'SISTEMAS DE INFORMACION GERENCIAL', 3, 'EE', 'S'),
('IF231AIN', 'SISTEMAS DE INFORMACION I', 4, 'OE', 'S'),
('IF301AIN', 'SISTEMAS DE BASES DE DATOS I', 4, 'OE', 'S'),
('IF302AIN', 'SISTEMAS DE BASES DE DATOS II', 4, 'OE', 'S'),
('IF403AIN', 'ALGORITMICA III', 4, 'OE', 'S'),
('IF404AIN', 'LENGUAJE ENSAMBLADOR', 3, 'EE', 'S'),
('IF406AIN', 'COMPUTACION GRAFICA I', 4, 'OE', 'S'),
('IF408AIN', 'LENGUAJES FORMALES', 4, 'EE', 'S'),
('IF409AIN', 'LABORATORIO I', 2, 'OE', 'S'),
('IF409BIN', 'LABORATORIO I', 2, 'OE', 'S'),
('IF409CIN', 'LABORATORIO I', 2, 'OE', 'S'),
('IF409DIN', 'LABORATORIO I', 2, 'OE', 'S'),
('IF410AIN', 'LABORATORIO II', 2, 'OE', 'S'),
('IF410BIN', 'LABORATORIO II', 2, 'OE', 'S'),
('IF410CIN', 'LABORATORIO II', 2, 'OE', 'S'),
('IF410DIN', 'LABORATORIO II', 2, 'OE', 'S'),
('IF411AIN', 'LABORATORIO III', 2, 'OE', 'S'),
('IF411BIN', 'LABORATORIO III', 2, 'OE', 'S'),
('IF411CIN', 'LABORATORIO III', 2, 'OE', 'S'),
('IF412AIN', 'LABORATORIO IV', 2, 'OE', 'S'),
('IF412BIN', 'LABORATORIO IV', 2, 'OE', 'S'),
('IF413AIN', 'LABORATORIO V', 2, 'OE', 'S'),
('IF413BIN', 'LABORATORIO V', 2, 'OE', 'S'),
('IF414AIN', 'LABORATORIO VI', 2, 'OE', 'S'),
('IF414BIN', 'LABORATORIO VI', 2, 'OE', 'S'),
('IF414CIN', 'LABORATORIO VI', 2, 'OE', 'S'),
('IF420AIN', 'ANALISIS Y DISEÑO DE ALGORITMOS', 4, 'EE', 'S'),
('IF421AIN', 'ALGORITMICA I', 4, 'OE', 'S'),
('IF421BIN', 'ALGORITMICA I', 4, 'OE', 'S'),
('IF422AIN', 'ALGORITMICA II', 4, 'OE', 'S'),
('IF422BIN', 'ALGORITMICA II', 4, 'OE', 'S'),
('IF425AIN', 'CONSTRUCCION DE COMPILADORES', 4, 'OE', 'S'),
('IF461AIN', 'METODOS NUMERICOS', 3, 'OE', 'S'),
('IF471AIN', 'MODELOS Y SIMULACION', 4, 'OE', 'S'),
('IF501AIN', 'ORGANIZACION Y ARQUITECTURA DEL COMPUTADOR', 4, 'OE', 'S'),
('IF502AIN', 'MICROPROCESADORES', 4, 'OE', 'S'),
('IF505AIN', 'REDES Y TELEPROCESO I', 4, 'OE', 'S'),
('IF506AIN', 'REDES Y TELEPROCESO II', 4, 'EE', 'S'),
('IF513AIN', 'PROGRAMACION CONCURRENTE Y PARALELA', 4, 'EE', 'S'),
('IF533AIN', 'SISTEMAS DE OPERACIONES I', 4, 'OE', 'S'),
('IF601AIN', 'INTELIGENCIA ARTIFICIAL', 4, 'OE', 'S'),
('IF602AIN', 'SISTEMAS EXPERTOS', 4, 'EE', 'S'),
('IF603AIN', 'ROBOTICA Y PROCESAMIENTO DE SEÑAL', 4, 'OE', 'S'),
('LC154AIN', 'REDACCION Y COMPOSICION CASTELLANA', 3, 'OCG', 'S'),
('LC154BIN', 'REDACCION Y COMPOSICION CASTELLANA', 3, 'OCG', 'S'),
('ME164AIN', 'MATEMATICA BASICA I', 4, 'OE', 'S'),
('ME164BIN', 'MATEMATICA BASICA I', 4, 'OE', 'S'),
('ME165AIN', 'MATEMATICA BASICA II', 4, 'OE', 'S'),
('ME165BIN', 'MATEMATICA BASICA II', 4, 'OE', 'S'),
('ME251AIN', 'ANALISIS MATEMATICO I', 5, 'OE', 'S'),
('ME251BIN', 'ANALISIS MATEMATICO I', 5, 'OE', 'S'),
('ME252AIN', 'ANALISIS MATEMATICO II', 5, 'OE', 'S'),
('ME252BIN', 'ANALISIS MATEMATICO II', 5, 'OE', 'S'),
('ME253AIN', 'ANALISIS MATEMATICO III', 5, 'OE', 'S'),
('ME253BIN', 'ANALISIS MATEMATICO III', 5, 'OE', 'S'),
('ME305AIN', 'TOPICOS EN ALGEBRA', 4, 'OE', 'S'),
('ME305BIN', 'TOPICOS EN ALGEBRA', 4, 'OE', 'S'),
('ME359AIN', 'MATEMATICAS DISCRETAS I', 4, 'OE', 'S'),
('ME359BIN', 'MATEMATICAS DISCRETAS I', 4, 'OE', 'S'),
('ME360AIN', 'MATEMATICAS DISCRETAS II', 4, 'OE', 'S'),
('ME360BIN', 'MATEMATICAS DISCRETAS II', 4, 'OE', 'S'),
('ME660AIN', 'ESTADISTICA Y PROBABILIDADES', 4, 'OE', 'S'),
('ME766AIN', 'INVESTIGACION DE OPERACIONES I', 4, 'OE', 'S');

INSERT INTO tDocenteCurso (codDocente, codCurso) VALUES
('10048', 'ME252AIN'),
('10119', 'EC171AIN'),
('10199', 'IF101AIN'),
('10199', 'IF409AIN'),
('10199', 'IF601AIN'),
('10208', 'FI357AIN'),
('10234', 'IF420AIN'),
('10326', 'FI264BIN'),
('10363', 'LC154AIN'),
('10397', 'ME359AIN'),
('10397', 'ME360AIN'),
('10511', 'ME251AIN'),
('10571', 'FI261AIN'),
('10670', 'ME165AIN'),
('11203', 'IF410BIN'),
('11203', 'IF412AIN'),
('11849', 'IF053AIN'),
('11849', 'IF409CIN'),
('12004', 'IF412BIN'),
('12004', 'IF461AIN'),
('12240', 'FP179AIN'),
('12459', 'IF101AIN'),
('12596', 'IF403AIN'),
('12596', 'IF513AIN'),
('13008', 'ME360BIN'),
('13010', 'ME165BIN'),
('13028', 'ME253AIN'),
('13062', 'ME251BIN'),
('13062', 'ME660AIN'),
('13064', 'FI261BIN'),
('13225', 'IF301AIN'),
('13225', 'IF422AIN'),
('13226', 'IF408AIN'),
('13226', 'IF421BIN'),
('13428', 'IF502AIN'),
('13428', 'IF505AIN'),
('13431', 'FI263AIN'),
('13522', 'AD153AIN'),
('13733', 'IF212AIN'),
('13733', 'IF501AIN'),
('13735', 'FI261CIN'),
('13994', 'IF425AIN'),
('13994', 'IF602AIN'),
('14002', 'IF406AIN'),
('14002', 'IF603AIN'),
('14302', 'IF101AIN'),
('14302', 'IF409DIN'),
('14302', 'IF471AIN'),
('14332', 'EC702AIN'),
('14389', 'IF231AIN'),
('14392', 'IF502AIN'),
('14627', 'IF203AIN'),
('14627', 'IF506AIN'),
('14664', 'IF202AIN'),
('14664', 'IF210AIN'),
('14664', 'IF231AIN'),
('14691', 'IF101AIN'),
('14768', 'IF409BIN'),
('14768', 'IF410AIN'),
('14768', 'IF421AIN'),
('14769', 'IF209AIN'),
('14769', 'IF422BIN'),
('14817', 'IF302AIN'),
('14817', 'IF410CIN'),
('14817', 'IF411BIN'),
('14983', 'FI264AIN'),
('14986', 'FI264AIN'),
('14992', 'ME766AIN'),
('14995', 'IF413BIN'),
('14995', 'IF414BIN'),
('14995', 'IF505AIN'),
('15423', 'EC217ZIN'),
('15460', 'IF001AIN'),
('15460', 'IF213AIN'),
('15938', 'IF414CIN'),
('15960', 'IF425AIN'),
('16155', 'DE151AIN'),
('16196', 'IF471AIN'),
('16441', 'ME252BIN'),
('16563', 'IF413AIN'),
('16563', 'IF414AIN'),
('16563', 'IF601AIN'),
('16570', 'IF301AIN'),
('16570', 'IF461AIN'),
('16570', 'IF533AIN'),
('17092', 'IF404AIN'),
('17093', 'IF202AIN'),
('17093', 'IF533AIN'),
('17093', 'IF602AIN'),
('17095', 'ME164AIN'),
('17098', 'ME253BIN'),
('17428', 'IF411AIN'),
('80037', 'CO152AIN'),
('80051', 'ME305AIN'),
('80051', 'ME305BIN'),
('80176', 'ED153AIN'),
('80246', 'IF411CIN'),
('80246', 'IF471AIN');

INSERT INTO tCargaAcademica (codDocente, codCurso, codSemestre) VALUES
('10048', 'ME252AIN', '2012-II'),
('10119', 'EC171AIN', '2012-II'),
('10199', 'IF101AIN', '2012-II'),
('10199', 'IF409AIN', '2012-II'),
('10199', 'IF601AIN', '2012-II'),
('10208', 'FI357AIN', '2012-II'),
('10234', 'IF420AIN', '2012-II'),
('10326', 'FI264BIN', '2012-II'),
('10363', 'LC154AIN', '2012-II'),
('10397', 'ME359AIN', '2012-II'),
('10397', 'ME360AIN', '2012-II'),
('10511', 'ME251AIN', '2012-II'),
('10571', 'FI261AIN', '2012-II'),
('10670', 'ME165AIN', '2012-II'),
('11203', 'IF410BIN', '2012-II'),
('11203', 'IF412AIN', '2012-II'),
('11849', 'IF053AIN', '2012-II'),
('11849', 'IF409CIN', '2012-II'),
('12004', 'IF412BIN', '2012-II'),
('12004', 'IF461AIN', '2012-II'),
('12240', 'FP179AIN', '2012-II'),
('12459', 'IF101AIN', '2012-II'),
('12596', 'IF403AIN', '2012-II'),
('12596', 'IF513AIN', '2012-II'),
('13008', 'ME360BIN', '2012-II'),
('13010', 'ME165BIN', '2012-II'),
('13028', 'ME253AIN', '2012-II'),
('13062', 'ME251BIN', '2012-II'),
('13062', 'ME660AIN', '2012-II'),
('13064', 'FI261BIN', '2012-II'),
('13225', 'IF301AIN', '2012-II'),
('13225', 'IF422AIN', '2012-II'),
('13226', 'IF408AIN', '2012-II'),
('13226', 'IF421BIN', '2012-II'),
('13428', 'IF502AIN', '2012-II'),
('13428', 'IF505AIN', '2012-II'),
('13431', 'FI263AIN', '2012-II'),
('13522', 'AD153AIN', '2012-II'),
('13733', 'IF212AIN', '2012-II'),
('13733', 'IF501AIN', '2012-II'),
('13735', 'FI261CIN', '2012-II'),
('13994', 'IF425AIN', '2012-II'),
('13994', 'IF602AIN', '2012-II'),
('14002', 'IF406AIN', '2012-II'),
('14002', 'IF603AIN', '2012-II'),
('14302', 'IF101AIN', '2012-II'),
('14302', 'IF409DIN', '2012-II'),
('14302', 'IF471AIN', '2012-II'),
('14332', 'EC702AIN', '2012-II'),
('14389', 'IF231AIN', '2012-II'),
('14392', 'IF502AIN', '2012-II'),
('14627', 'IF203AIN', '2012-II'),
('14627', 'IF506AIN', '2012-II'),
('14664', 'IF202AIN', '2012-II'),
('14664', 'IF210AIN', '2012-II'),
('14664', 'IF231AIN', '2012-II'),
('14691', 'IF101AIN', '2012-II'),
('14768', 'IF409BIN', '2012-II'),
('14768', 'IF410AIN', '2012-II'),
('14768', 'IF421AIN', '2012-II'),
('14769', 'IF209AIN', '2012-II'),
('14769', 'IF422BIN', '2012-II'),
('14817', 'IF302AIN', '2012-II'),
('14817', 'IF410CIN', '2012-II'),
('14817', 'IF411BIN', '2012-II'),
('14983', 'FI264AIN', '2012-II'),
('14986', 'FI264AIN', '2012-II'),
('14992', 'ME766AIN', '2012-II'),
('14995', 'IF413BIN', '2012-II'),
('14995', 'IF414BIN', '2012-II'),
('14995', 'IF505AIN', '2012-II'),
('15423', 'EC217ZIN', '2012-II'),
('15460', 'IF001AIN', '2012-II'),
('15460', 'IF213AIN', '2012-II'),
('15938', 'IF414CIN', '2012-II'),
('15960', 'IF425AIN', '2012-II'),
('16155', 'DE151AIN', '2012-II'),
('16196', 'IF471AIN', '2012-II'),
('16441', 'ME252BIN', '2012-II'),
('16563', 'IF413AIN', '2012-II'),
('16563', 'IF414AIN', '2012-II'),
('16563', 'IF601AIN', '2012-II'),
('16570', 'IF301AIN', '2012-II'),
('16570', 'IF461AIN', '2012-II'),
('16570', 'IF533AIN', '2012-II'),
('17092', 'IF404AIN', '2012-II'),
('17093', 'IF202AIN', '2012-II'),
('17093', 'IF533AIN', '2012-II'),
('17093', 'IF602AIN', '2012-II'),
('17095', 'ME164AIN', '2012-II'),
('17098', 'ME253BIN', '2012-II'),
('17428', 'IF411AIN', '2012-II'),
('80037', 'CO152AIN', '2012-II'),
('80051', 'ME305AIN', '2012-II'),
('80051', 'ME305BIN', '2012-II'),
('80176', 'ED153AIN', '2012-II'),
('80246', 'IF411CIN', '2012-II'),
('80246', 'IF471AIN', '2012-II');

INSERT INTO tMatricula (codDocente, codCurso, codSemestre, codAlumno) VALUES
('14664', 'IF202AIN', '2012-II', '001030'),
('16441', 'ME252BIN', '2012-II', '001030'),
('16563', 'IF413AIN', '2012-II', '001030'),
('16570', 'IF461AIN', '2012-II', '001030'),
('17092', 'IF404AIN', '2012-II', '001030'),
('14664', 'IF210AIN', '2012-II', '001221'),
('14817', 'IF302AIN', '2012-II', '001221'),
('16570', 'IF301AIN', '2012-II', '001221'),
('17098', 'ME253BIN', '2012-II', '001221'),
('14664', 'IF210AIN', '2012-II', '002427'),
('14769', 'IF209AIN', '2012-II', '002427'),
('14817', 'IF302AIN', '2012-II', '002427'),
('16570', 'IF301AIN', '2012-II', '002427'),
('13994', 'IF602AIN', '2012-II', '010512'),
('14002', 'IF603AIN', '2012-II', '010512'),
('14769', 'IF209AIN', '2012-II', '010512'),
('14817', 'IF302AIN', '2012-II', '010512'),
('15460', 'IF001AIN', '2012-II', '010512'),
('15938', 'IF414CIN', '2012-II', '010512'),
('16563', 'IF601AIN', '2012-II', '010512'),
('11849', 'IF053AIN', '2012-II', '010544'),
('12596', 'IF513AIN', '2012-II', '010544'),
('13994', 'IF425AIN', '2012-II', '010544'),
('13994', 'IF602AIN', '2012-II', '010544'),
('14664', 'IF210AIN', '2012-II', '010544'),
('80246', 'IF471AIN', '2012-II', '010544'),
('13994', 'IF425AIN', '2012-II', '021036'),
('14002', 'IF603AIN', '2012-II', '021036'),
('14664', 'IF210AIN', '2012-II', '021036'),
('14769', 'IF209AIN', '2012-II', '021036'),
('15460', 'IF001AIN', '2012-II', '021036'),
('16563', 'IF414AIN', '2012-II', '021036'),
('10326', 'FI264BIN', '2012-II', '021499'),
('10397', 'ME360AIN', '2012-II', '021499'),
('13062', 'ME660AIN', '2012-II', '021499'),
('14768', 'IF421AIN', '2012-II', '021499'),
('17098', 'ME253BIN', '2012-II', '021499'),
('13733', 'IF212AIN', '2012-II', '021501'),
('14817', 'IF302AIN', '2012-II', '021501'),
('15460', 'IF001AIN', '2012-II', '021501'),
('15938', 'IF414CIN', '2012-II', '021501'),
('10511', 'ME251AIN', '2012-II', '022155'),
('13008', 'ME360BIN', '2012-II', '022155'),
('13428', 'IF505AIN', '2012-II', '022155'),
('13431', 'FI263AIN', '2012-II', '022155'),
('16570', 'IF461AIN', '2012-II', '022155'),
('10397', 'ME359AIN', '2012-II', '022160'),
('10511', 'ME251AIN', '2012-II', '022160'),
('13010', 'ME165BIN', '2012-II', '022160'),
('13431', 'FI263AIN', '2012-II', '022160'),
('14817', 'IF410CIN', '2012-II', '022160'),
('80037', 'CO152AIN', '2012-II', '022160'),
('13733', 'IF501AIN', '2012-II', '022168'),
('14664', 'IF202AIN', '2012-II', '022168'),
('17098', 'ME253BIN', '2012-II', '022168'),
('10326', 'FI264BIN', '2012-II', '030020'),
('12596', 'IF403AIN', '2012-II', '030020'),
('13062', 'ME660AIN', '2012-II', '030020'),
('16441', 'ME252BIN', '2012-II', '030020'),
('16570', 'IF461AIN', '2012-II', '030020'),
('80246', 'IF411CIN', '2012-II', '030020'),
('10234', 'IF420AIN', '2012-II', '030419'),
('11849', 'IF053AIN', '2012-II', '030419'),
('12004', 'IF412BIN', '2012-II', '030419'),
('12596', 'IF513AIN', '2012-II', '030419'),
('14627', 'IF203AIN', '2012-II', '030419'),
('15460', 'IF213AIN', '2012-II', '030419'),
('16570', 'IF301AIN', '2012-II', '030419'),
('14332', 'EC702AIN', '2012-II', '030424'),
('16441', 'ME252BIN', '2012-II', '030424'),
('16570', 'IF533AIN', '2012-II', '030424'),
('11849', 'IF053AIN', '2012-II', '030425'),
('13733', 'IF212AIN', '2012-II', '030425'),
('14002', 'IF406AIN', '2012-II', '030425'),
('14627', 'IF506AIN', '2012-II', '030425'),
('14769', 'IF209AIN', '2012-II', '030425'),
('14817', 'IF302AIN', '2012-II', '030425'),
('10234', 'IF420AIN', '2012-II', '030426'),
('13994', 'IF602AIN', '2012-II', '030426'),
('14002', 'IF406AIN', '2012-II', '030426'),
('14627', 'IF506AIN', '2012-II', '030426'),
('15460', 'IF213AIN', '2012-II', '030426'),
('10397', 'ME359AIN', '2012-II', '030815'),
('10511', 'ME251AIN', '2012-II', '030815'),
('13735', 'FI261CIN', '2012-II', '030815'),
('14769', 'IF422BIN', '2012-II', '030815'),
('14817', 'IF410CIN', '2012-II', '030815'),
('16155', 'DE151AIN', '2012-II', '030815'),
('11203', 'IF412AIN', '2012-II', '031125'),
('13062', 'ME660AIN', '2012-II', '031125'),
('13226', 'IF408AIN', '2012-II', '031125'),
('13428', 'IF505AIN', '2012-II', '031125'),
('14002', 'IF406AIN', '2012-II', '031125'),
('14664', 'IF231AIN', '2012-II', '031125'),
('16570', 'IF301AIN', '2012-II', '031126'),
('13008', 'ME360BIN', '2012-II', '031127'),
('13428', 'IF505AIN', '2012-II', '031127'),
('14332', 'EC702AIN', '2012-II', '031127'),
('16563', 'IF413AIN', '2012-II', '031127'),
('17098', 'ME253BIN', '2012-II', '031127'),
('80246', 'IF471AIN', '2012-II', '031127'),
('11849', 'IF053AIN', '2012-II', '031132'),
('13994', 'IF425AIN', '2012-II', '031132'),
('14627', 'IF203AIN', '2012-II', '031132'),
('14769', 'IF209AIN', '2012-II', '031132'),
('14992', 'ME766AIN', '2012-II', '031132'),
('80246', 'IF471AIN', '2012-II', '031132'),
('10234', 'IF420AIN', '2012-II', '032119'),
('11849', 'IF053AIN', '2012-II', '032119'),
('13994', 'IF425AIN', '2012-II', '032119'),
('13994', 'IF602AIN', '2012-II', '032119'),
('14769', 'IF209AIN', '2012-II', '032119'),
('15460', 'IF213AIN', '2012-II', '032119'),
('13428', 'IF505AIN', '2012-II', '032120'),
('13733', 'IF501AIN', '2012-II', '032120'),
('14002', 'IF603AIN', '2012-II', '032120'),
('14627', 'IF203AIN', '2012-II', '032120'),
('14664', 'IF210AIN', '2012-II', '032120'),
('14995', 'IF414BIN', '2012-II', '032120'),
('13008', 'ME360BIN', '2012-II', '032122'),
('13062', 'ME660AIN', '2012-II', '032122'),
('14817', 'IF410CIN', '2012-II', '032122'),
('14986', 'FI264AIN', '2012-II', '032122'),
('16570', 'IF461AIN', '2012-II', '032122'),
('17098', 'ME253BIN', '2012-II', '032122'),
('14002', 'IF603AIN', '2012-II', '032125'),
('14664', 'IF210AIN', '2012-II', '032125'),
('14769', 'IF209AIN', '2012-II', '032125'),
('14817', 'IF302AIN', '2012-II', '032125'),
('15460', 'IF001AIN', '2012-II', '032125'),
('11203', 'IF412AIN', '2012-II', '040371'),
('14002', 'IF603AIN', '2012-II', '040371'),
('14664', 'IF210AIN', '2012-II', '040371'),
('15460', 'IF001AIN', '2012-II', '040371'),
('16563', 'IF413AIN', '2012-II', '040371'),
('13226', 'IF408AIN', '2012-II', '040376'),
('13733', 'IF501AIN', '2012-II', '040376'),
('13994', 'IF425AIN', '2012-II', '040376'),
('13994', 'IF602AIN', '2012-II', '040376'),
('15460', 'IF213AIN', '2012-II', '040376'),
('16570', 'IF461AIN', '2012-II', '040376'),
('12596', 'IF513AIN', '2012-II', '040978'),
('13428', 'IF502AIN', '2012-II', '040978'),
('13994', 'IF425AIN', '2012-II', '040978'),
('14627', 'IF203AIN', '2012-II', '040978'),
('17098', 'ME253BIN', '2012-II', '040978'),
('13733', 'IF501AIN', '2012-II', '040982'),
('13994', 'IF602AIN', '2012-II', '040982'),
('14332', 'EC702AIN', '2012-II', '040982'),
('14664', 'IF210AIN', '2012-II', '040982'),
('14992', 'ME766AIN', '2012-II', '040982'),
('15460', 'IF213AIN', '2012-II', '040982'),
('14664', 'IF210AIN', '2012-II', '040985'),
('10208', 'FI357AIN', '2012-II', '040986'),
('12004', 'IF412BIN', '2012-II', '040986'),
('14664', 'IF231AIN', '2012-II', '040986'),
('16570', 'IF533AIN', '2012-II', '040986'),
('17092', 'IF404AIN', '2012-II', '040986'),
('17098', 'ME253BIN', '2012-II', '040986'),
('11203', 'IF412AIN', '2012-II', '041442'),
('12596', 'IF513AIN', '2012-II', '041442'),
('14332', 'EC702AIN', '2012-II', '041442'),
('14986', 'FI264AIN', '2012-II', '041442'),
('16570', 'IF301AIN', '2012-II', '041442'),
('16570', 'IF533AIN', '2012-II', '041442'),
('10234', 'IF420AIN', '2012-II', '041454'),
('12596', 'IF513AIN', '2012-II', '041454'),
('13994', 'IF425AIN', '2012-II', '041454'),
('14664', 'IF202AIN', '2012-II', '041454'),
('14769', 'IF209AIN', '2012-II', '041454'),
('16563', 'IF414AIN', '2012-II', '041454'),
('13428', 'IF502AIN', '2012-II', '041574'),
('13994', 'IF425AIN', '2012-II', '041574'),
('14995', 'IF413BIN', '2012-II', '041574'),
('15460', 'IF213AIN', '2012-II', '041574'),
('17098', 'ME253BIN', '2012-II', '041574'),
('14002', 'IF603AIN', '2012-II', '042269'),
('14664', 'IF210AIN', '2012-II', '042269'),
('14986', 'FI264AIN', '2012-II', '042269'),
('15460', 'IF001AIN', '2012-II', '042269'),
('12596', 'IF513AIN', '2012-II', '042279'),
('13226', 'IF408AIN', '2012-II', '042279'),
('13994', 'IF602AIN', '2012-II', '042279'),
('14627', 'IF506AIN', '2012-II', '042279'),
('14664', 'IF210AIN', '2012-II', '042279'),
('14769', 'IF209AIN', '2012-II', '042279'),
('14817', 'IF302AIN', '2012-II', '042279'),
('13428', 'IF505AIN', '2012-II', '043035'),
('14627', 'IF506AIN', '2012-II', '043035'),
('14664', 'IF210AIN', '2012-II', '043035'),
('14769', 'IF209AIN', '2012-II', '043035'),
('15460', 'IF001AIN', '2012-II', '043035'),
('10670', 'ME165AIN', '2012-II', '043043'),
('13428', 'IF502AIN', '2012-II', '043043'),
('15460', 'IF213AIN', '2012-II', '043043'),
('16155', 'DE151AIN', '2012-II', '043043'),
('17098', 'ME253BIN', '2012-II', '043043'),
('80246', 'IF471AIN', '2012-II', '043043'),
('13062', 'ME660AIN', '2012-II', '050468'),
('13733', 'IF212AIN', '2012-II', '050468'),
('13994', 'IF425AIN', '2012-II', '050468'),
('14817', 'IF302AIN', '2012-II', '050468'),
('16563', 'IF601AIN', '2012-II', '050468'),
('10208', 'FI357AIN', '2012-II', '050477'),
('10234', 'IF420AIN', '2012-II', '050477'),
('14002', 'IF406AIN', '2012-II', '050477'),
('14627', 'IF203AIN', '2012-II', '050477'),
('14817', 'IF302AIN', '2012-II', '050477'),
('15938', 'IF414CIN', '2012-II', '050477'),
('16570', 'IF533AIN', '2012-II', '050477'),
('13994', 'IF425AIN', '2012-II', '050483'),
('14002', 'IF603AIN', '2012-II', '050483'),
('14664', 'IF210AIN', '2012-II', '050483'),
('14817', 'IF302AIN', '2012-II', '050483'),
('15938', 'IF414CIN', '2012-II', '050483'),
('80246', 'IF471AIN', '2012-II', '050483'),
('13994', 'IF602AIN', '2012-II', '050491'),
('14002', 'IF603AIN', '2012-II', '050491'),
('14664', 'IF210AIN', '2012-II', '050491'),
('14817', 'IF302AIN', '2012-II', '050491'),
('15460', 'IF001AIN', '2012-II', '050491'),
('15938', 'IF414CIN', '2012-II', '050491'),
('10234', 'IF420AIN', '2012-II', '051686'),
('11849', 'IF053AIN', '2012-II', '051686'),
('13994', 'IF425AIN', '2012-II', '051686'),
('14769', 'IF209AIN', '2012-II', '051686'),
('15460', 'IF213AIN', '2012-II', '051686'),
('16563', 'IF414AIN', '2012-II', '051686'),
('80246', 'IF471AIN', '2012-II', '051686'),
('13062', 'ME660AIN', '2012-II', '051688'),
('13428', 'IF502AIN', '2012-II', '051688'),
('15460', 'IF213AIN', '2012-II', '051688'),
('16441', 'ME252BIN', '2012-II', '051688'),
('16570', 'IF461AIN', '2012-II', '051688'),
('13428', 'IF502AIN', '2012-II', '051690'),
('13733', 'IF212AIN', '2012-II', '051690'),
('14627', 'IF203AIN', '2012-II', '051690'),
('14664', 'IF210AIN', '2012-II', '051690'),
('14986', 'FI264AIN', '2012-II', '051690'),
('15460', 'IF001AIN', '2012-II', '051690'),
('15460', 'IF213AIN', '2012-II', '051690'),
('15938', 'IF414CIN', '2012-II', '051690'),
('11849', 'IF053AIN', '2012-II', '051691'),
('14627', 'IF203AIN', '2012-II', '051691'),
('14664', 'IF231AIN', '2012-II', '051691'),
('16563', 'IF413AIN', '2012-II', '051691'),
('16570', 'IF533AIN', '2012-II', '051691'),
('11849', 'IF053AIN', '2012-II', '051695'),
('13994', 'IF425AIN', '2012-II', '051695'),
('14769', 'IF209AIN', '2012-II', '051695'),
('14817', 'IF302AIN', '2012-II', '051695'),
('15460', 'IF213AIN', '2012-II', '051695'),
('16563', 'IF414AIN', '2012-II', '051695'),
('16563', 'IF601AIN', '2012-II', '051695'),
('14817', 'IF302AIN', '2012-II', '051696'),
('15938', 'IF414CIN', '2012-II', '051696'),
('13428', 'IF505AIN', '2012-II', '052104'),
('14002', 'IF406AIN', '2012-II', '052104'),
('14332', 'EC702AIN', '2012-II', '052104'),
('14664', 'IF231AIN', '2012-II', '052104'),
('16441', 'ME252BIN', '2012-II', '052104'),
('16563', 'IF413AIN', '2012-II', '052104'),
('14627', 'IF203AIN', '2012-II', '052107'),
('14769', 'IF209AIN', '2012-II', '052107'),
('14986', 'FI264AIN', '2012-II', '052107'),
('15938', 'IF414CIN', '2012-II', '052107'),
('16563', 'IF601AIN', '2012-II', '052107'),
('80037', 'CO152AIN', '2012-II', '052107'),
('10048', 'ME252AIN', '2012-II', '052111'),
('11849', 'IF409CIN', '2012-II', '052111'),
('13008', 'ME360BIN', '2012-II', '052111'),
('13733', 'IF501AIN', '2012-II', '052111'),
('14986', 'FI264AIN', '2012-II', '052111'),
('16155', 'DE151AIN', '2012-II', '052111'),
('10326', 'FI264BIN', '2012-II', '052112'),
('13008', 'ME360BIN', '2012-II', '052112'),
('13062', 'ME660AIN', '2012-II', '052112'),
('13733', 'IF501AIN', '2012-II', '052112'),
('14769', 'IF422BIN', '2012-II', '052112'),
('10048', 'ME252AIN', '2012-II', '052113'),
('10119', 'EC171AIN', '2012-II', '052113'),
('10397', 'ME359AIN', '2012-II', '052113'),
('13225', 'IF422AIN', '2012-II', '052113'),
('13431', 'FI263AIN', '2012-II', '052113'),
('13428', 'IF505AIN', '2012-II', '060146'),
('13994', 'IF425AIN', '2012-II', '060146'),
('14002', 'IF603AIN', '2012-II', '060146'),
('14332', 'EC702AIN', '2012-II', '060146'),
('14664', 'IF210AIN', '2012-II', '060146'),
('15460', 'IF001AIN', '2012-II', '060146'),
('16570', 'IF461AIN', '2012-II', '060146'),
('10208', 'FI357AIN', '2012-II', '060148'),
('11849', 'IF053AIN', '2012-II', '060148'),
('13994', 'IF425AIN', '2012-II', '060148'),
('13994', 'IF602AIN', '2012-II', '060148'),
('14332', 'EC702AIN', '2012-II', '060148'),
('14769', 'IF209AIN', '2012-II', '060148'),
('15938', 'IF414CIN', '2012-II', '060148'),
('11849', 'IF053AIN', '2012-II', '060564'),
('13994', 'IF425AIN', '2012-II', '060564'),
('14627', 'IF203AIN', '2012-II', '060564'),
('14769', 'IF209AIN', '2012-II', '060564'),
('15460', 'IF213AIN', '2012-II', '060564'),
('16563', 'IF414AIN', '2012-II', '060564'),
('16563', 'IF601AIN', '2012-II', '060564'),
('13428', 'IF502AIN', '2012-II', '060571'),
('14664', 'IF202AIN', '2012-II', '060571'),
('16563', 'IF413AIN', '2012-II', '060571'),
('16570', 'IF461AIN', '2012-II', '060571'),
('16570', 'IF533AIN', '2012-II', '060571'),
('17098', 'ME253BIN', '2012-II', '060571'),
('11849', 'IF053AIN', '2012-II', '060576'),
('13994', 'IF425AIN', '2012-II', '060576'),
('13994', 'IF602AIN', '2012-II', '060576'),
('14627', 'IF203AIN', '2012-II', '060576'),
('14769', 'IF209AIN', '2012-II', '060576'),
('15460', 'IF213AIN', '2012-II', '060576'),
('15938', 'IF414CIN', '2012-II', '060576'),
('11203', 'IF412AIN', '2012-II', '060580'),
('13733', 'IF501AIN', '2012-II', '060580'),
('14002', 'IF406AIN', '2012-II', '060580'),
('14332', 'EC702AIN', '2012-II', '060580'),
('16570', 'IF533AIN', '2012-II', '060580'),
('17098', 'ME253BIN', '2012-II', '060580'),
('12596', 'IF403AIN', '2012-II', '060583'),
('17092', 'IF404AIN', '2012-II', '060583'),
('80037', 'CO152AIN', '2012-II', '060583'),
('80246', 'IF411CIN', '2012-II', '060583'),
('13428', 'IF505AIN', '2012-II', '060587'),
('13994', 'IF425AIN', '2012-II', '060587'),
('14769', 'IF209AIN', '2012-II', '060587'),
('15460', 'IF213AIN', '2012-II', '060587'),
('15938', 'IF414CIN', '2012-II', '060587'),
('16563', 'IF601AIN', '2012-II', '060587'),
('13994', 'IF425AIN', '2012-II', '060588'),
('14627', 'IF203AIN', '2012-II', '060588'),
('14627', 'IF506AIN', '2012-II', '060588'),
('14664', 'IF210AIN', '2012-II', '060588'),
('14817', 'IF302AIN', '2012-II', '060588'),
('10234', 'IF420AIN', '2012-II', '060589'),
('13733', 'IF212AIN', '2012-II', '060589'),
('13994', 'IF425AIN', '2012-II', '060589'),
('13994', 'IF602AIN', '2012-II', '060589'),
('13428', 'IF505AIN', '2012-II', '060590'),
('13733', 'IF212AIN', '2012-II', '060590'),
('14627', 'IF203AIN', '2012-II', '060590'),
('14769', 'IF209AIN', '2012-II', '060590'),
('14986', 'FI264AIN', '2012-II', '060590'),
('14995', 'IF413BIN', '2012-II', '060590'),
('14002', 'IF603AIN', '2012-II', '060593'),
('14664', 'IF210AIN', '2012-II', '060593'),
('14817', 'IF302AIN', '2012-II', '060593'),
('15460', 'IF001AIN', '2012-II', '060593'),
('10208', 'FI357AIN', '2012-II', '062838'),
('14769', 'IF209AIN', '2012-II', '062838'),
('14986', 'FI264AIN', '2012-II', '062838'),
('14995', 'IF414BIN', '2012-II', '062838'),
('16563', 'IF601AIN', '2012-II', '062838'),
('10048', 'ME252AIN', '2012-II', '062839'),
('10208', 'FI357AIN', '2012-II', '062839'),
('10363', 'LC154AIN', '2012-II', '062839'),
('10397', 'ME359AIN', '2012-II', '062839'),
('11203', 'IF412AIN', '2012-II', '062839'),
('10363', 'LC154AIN', '2012-II', '062840'),
('13994', 'IF602AIN', '2012-II', '062840'),
('14002', 'IF603AIN', '2012-II', '062840'),
('14627', 'IF203AIN', '2012-II', '062840'),
('14664', 'IF210AIN', '2012-II', '062840'),
('15460', 'IF213AIN', '2012-II', '062840'),
('10208', 'FI357AIN', '2012-II', '062841'),
('14627', 'IF203AIN', '2012-II', '062841'),
('14664', 'IF202AIN', '2012-II', '062841'),
('14817', 'IF302AIN', '2012-II', '062841'),
('16563', 'IF414AIN', '2012-II', '062841'),
('16563', 'IF601AIN', '2012-II', '062841'),
('10326', 'FI264BIN', '2012-II', '062842'),
('13994', 'IF425AIN', '2012-II', '062842'),
('14769', 'IF209AIN', '2012-II', '062842'),
('15460', 'IF213AIN', '2012-II', '062842'),
('15938', 'IF414CIN', '2012-II', '062842'),
('16563', 'IF601AIN', '2012-II', '062842'),
('10234', 'IF420AIN', '2012-II', '062843'),
('10326', 'FI264BIN', '2012-II', '062843'),
('14332', 'EC702AIN', '2012-II', '062843'),
('14664', 'IF202AIN', '2012-II', '062843'),
('16563', 'IF413AIN', '2012-II', '062843'),
('16570', 'IF301AIN', '2012-II', '062843'),
('10119', 'EC171AIN', '2012-II', '062845'),
('10199', 'IF409AIN', '2012-II', '062845'),
('13062', 'ME660AIN', '2012-II', '062845'),
('13226', 'IF421BIN', '2012-II', '062845'),
('13431', 'FI263AIN', '2012-II', '062845'),
('16441', 'ME252BIN', '2012-II', '062845'),
('10326', 'FI264BIN', '2012-II', '062846'),
('13994', 'IF425AIN', '2012-II', '062846'),
('14769', 'IF209AIN', '2012-II', '062846'),
('14995', 'IF414BIN', '2012-II', '062846'),
('16563', 'IF601AIN', '2012-II', '062846'),
('80246', 'IF471AIN', '2012-II', '062846'),
('13428', 'IF502AIN', '2012-II', '062847'),
('14002', 'IF406AIN', '2012-II', '062847'),
('16570', 'IF461AIN', '2012-II', '062847'),
('16570', 'IF533AIN', '2012-II', '062847'),
('17098', 'ME253BIN', '2012-II', '062847'),
('13994', 'IF425AIN', '2012-II', '062850'),
('13994', 'IF602AIN', '2012-II', '062850'),
('14002', 'IF603AIN', '2012-II', '062850'),
('14627', 'IF506AIN', '2012-II', '062850'),
('14817', 'IF302AIN', '2012-II', '062850'),
('15938', 'IF414CIN', '2012-II', '062850'),
('13994', 'IF602AIN', '2012-II', '062851'),
('14002', 'IF603AIN', '2012-II', '062851'),
('14627', 'IF203AIN', '2012-II', '062851'),
('14664', 'IF202AIN', '2012-II', '062851'),
('14769', 'IF209AIN', '2012-II', '062851'),
('15938', 'IF414CIN', '2012-II', '062851'),
('10208', 'FI357AIN', '2012-II', '062853'),
('13062', 'ME660AIN', '2012-II', '062853'),
('14332', 'EC702AIN', '2012-II', '062853'),
('14664', 'IF202AIN', '2012-II', '062853'),
('17098', 'ME253BIN', '2012-II', '062853'),
('13994', 'IF425AIN', '2012-II', '062856'),
('14769', 'IF209AIN', '2012-II', '062856'),
('14817', 'IF302AIN', '2012-II', '062856'),
('16563', 'IF414AIN', '2012-II', '062856'),
('16563', 'IF601AIN', '2012-II', '062856'),
('14332', 'EC702AIN', '2012-II', '062858'),
('14627', 'IF203AIN', '2012-II', '062858'),
('14992', 'ME766AIN', '2012-II', '062858'),
('15460', 'IF213AIN', '2012-II', '062858'),
('16570', 'IF301AIN', '2012-II', '062858'),
('80246', 'IF471AIN', '2012-II', '062858'),
('10363', 'LC154AIN', '2012-II', '062859'),
('14332', 'EC702AIN', '2012-II', '062859'),
('14627', 'IF203AIN', '2012-II', '062859'),
('14664', 'IF231AIN', '2012-II', '062859'),
('14992', 'ME766AIN', '2012-II', '062859'),
('80246', 'IF471AIN', '2012-II', '062859'),
('10208', 'FI357AIN', '2012-II', '070675'),
('13733', 'IF212AIN', '2012-II', '070675'),
('13994', 'IF425AIN', '2012-II', '070675'),
('14002', 'IF406AIN', '2012-II', '070675'),
('14332', 'EC702AIN', '2012-II', '070675'),
('17092', 'IF404AIN', '2012-II', '070675'),
('12596', 'IF403AIN', '2012-II', '070676'),
('13008', 'ME360BIN', '2012-II', '070676'),
('14817', 'IF411BIN', '2012-II', '070676'),
('17092', 'IF404AIN', '2012-II', '070676'),
('80037', 'CO152AIN', '2012-II', '070676'),
('80246', 'IF471AIN', '2012-II', '070676'),
('11203', 'IF412AIN', '2012-II', '070677'),
('14002', 'IF406AIN', '2012-II', '070677'),
('14332', 'EC702AIN', '2012-II', '070677'),
('15460', 'IF213AIN', '2012-II', '070677'),
('16570', 'IF301AIN', '2012-II', '070677'),
('13428', 'IF502AIN', '2012-II', '070678'),
('14627', 'IF203AIN', '2012-II', '070678'),
('14995', 'IF413BIN', '2012-II', '070678'),
('15460', 'IF213AIN', '2012-II', '070678'),
('16563', 'IF413AIN', '2012-II', '070678'),
('16570', 'IF301AIN', '2012-II', '070678'),
('10234', 'IF420AIN', '2012-II', '070679'),
('12004', 'IF412BIN', '2012-II', '070679'),
('13062', 'ME660AIN', '2012-II', '070679'),
('14664', 'IF202AIN', '2012-II', '070679'),
('14992', 'ME766AIN', '2012-II', '070679'),
('16570', 'IF301AIN', '2012-II', '070679'),
('11849', 'IF053AIN', '2012-II', '070680'),
('13733', 'IF501AIN', '2012-II', '070680'),
('14002', 'IF406AIN', '2012-II', '070680'),
('14627', 'IF506AIN', '2012-II', '070680'),
('14769', 'IF209AIN', '2012-II', '070680'),
('14995', 'IF414BIN', '2012-II', '070680'),
('15460', 'IF213AIN', '2012-II', '070680'),
('12240', 'FP179AIN', '2012-II', '070681'),
('12596', 'IF403AIN', '2012-II', '070681'),
('13062', 'ME251BIN', '2012-II', '070681'),
('13064', 'FI261BIN', '2012-II', '070681'),
('80037', 'CO152AIN', '2012-II', '070681'),
('80246', 'IF411CIN', '2012-II', '070681'),
('14627', 'IF506AIN', '2012-II', '070684'),
('15460', 'IF001AIN', '2012-II', '070684'),
('80037', 'CO152AIN', '2012-II', '070684'),
('13010', 'ME165BIN', '2012-II', '070685'),
('13994', 'IF425AIN', '2012-II', '070685'),
('13994', 'IF602AIN', '2012-II', '070685'),
('14002', 'IF603AIN', '2012-II', '070685'),
('14664', 'IF210AIN', '2012-II', '070685'),
('11849', 'IF053AIN', '2012-II', '070689'),
('13994', 'IF425AIN', '2012-II', '070689'),
('13994', 'IF602AIN', '2012-II', '070689'),
('14002', 'IF603AIN', '2012-II', '070689'),
('14664', 'IF210AIN', '2012-II', '070689'),
('16155', 'DE151AIN', '2012-II', '070689'),
('16570', 'IF461AIN', '2012-II', '070689'),
('13994', 'IF425AIN', '2012-II', '070690'),
('14664', 'IF210AIN', '2012-II', '070690'),
('15460', 'IF001AIN', '2012-II', '070690'),
('12004', 'IF412BIN', '2012-II', '070693'),
('12596', 'IF513AIN', '2012-II', '070693'),
('13226', 'IF408AIN', '2012-II', '070693'),
('14332', 'EC702AIN', '2012-II', '070693'),
('14664', 'IF231AIN', '2012-II', '070693'),
('16570', 'IF533AIN', '2012-II', '070693'),
('13062', 'ME660AIN', '2012-II', '070694'),
('13428', 'IF502AIN', '2012-II', '070694'),
('14332', 'EC702AIN', '2012-II', '070694'),
('14627', 'IF506AIN', '2012-II', '070694'),
('15460', 'IF213AIN', '2012-II', '070694'),
('16570', 'IF301AIN', '2012-II', '070694'),
('11849', 'IF053AIN', '2012-II', '070695'),
('14332', 'EC702AIN', '2012-II', '070695'),
('14627', 'IF203AIN', '2012-II', '070695'),
('14769', 'IF209AIN', '2012-II', '070695'),
('14995', 'IF414BIN', '2012-II', '070695'),
('15460', 'IF213AIN', '2012-II', '070695'),
('16563', 'IF601AIN', '2012-II', '070695'),
('11849', 'IF053AIN', '2012-II', '070696'),
('13428', 'IF505AIN', '2012-II', '070696'),
('14627', 'IF203AIN', '2012-II', '070696'),
('15460', 'IF213AIN', '2012-II', '070696'),
('16563', 'IF414AIN', '2012-II', '070696'),
('16563', 'IF601AIN', '2012-II', '070696'),
('80246', 'IF471AIN', '2012-II', '070696'),
('13226', 'IF408AIN', '2012-II', '070697'),
('14002', 'IF406AIN', '2012-II', '070697'),
('14332', 'EC702AIN', '2012-II', '070697'),
('15460', 'IF213AIN', '2012-II', '070697'),
('16570', 'IF301AIN', '2012-II', '070697'),
('16570', 'IF533AIN', '2012-II', '070697'),
('10670', 'ME165AIN', '2012-II', '070698'),
('13522', 'AD153AIN', '2012-II', '070698'),
('13735', 'FI261CIN', '2012-II', '070698'),
('14768', 'IF421AIN', '2012-II', '070698'),
('16155', 'DE151AIN', '2012-II', '070698'),
('80051', 'ME305BIN', '2012-II', '070698'),
('11203', 'IF412AIN', '2012-II', '070699'),
('14002', 'IF406AIN', '2012-II', '070699'),
('14332', 'EC702AIN', '2012-II', '070699'),
('15460', 'IF213AIN', '2012-II', '070699'),
('16570', 'IF301AIN', '2012-II', '070699'),
('10234', 'IF420AIN', '2012-II', '070700'),
('12004', 'IF412BIN', '2012-II', '070700'),
('14627', 'IF203AIN', '2012-II', '070700'),
('15460', 'IF213AIN', '2012-II', '070700'),
('16570', 'IF301AIN', '2012-II', '070700'),
('16570', 'IF461AIN', '2012-II', '070700'),
('12596', 'IF513AIN', '2012-II', '070701'),
('13733', 'IF212AIN', '2012-II', '070701'),
('13994', 'IF425AIN', '2012-II', '070701'),
('14769', 'IF209AIN', '2012-II', '070701'),
('15938', 'IF414CIN', '2012-II', '070701'),
('16563', 'IF601AIN', '2012-II', '070701'),
('13428', 'IF502AIN', '2012-II', '070702'),
('14002', 'IF406AIN', '2012-II', '070702'),
('14332', 'EC702AIN', '2012-II', '070702'),
('14627', 'IF506AIN', '2012-II', '070702'),
('14769', 'IF209AIN', '2012-II', '070702'),
('15460', 'IF213AIN', '2012-II', '070702'),
('13226', 'IF408AIN', '2012-II', '070703'),
('14627', 'IF203AIN', '2012-II', '070703'),
('14769', 'IF209AIN', '2012-II', '070703'),
('15938', 'IF414CIN', '2012-II', '070703'),
('16563', 'IF601AIN', '2012-II', '070703'),
('80246', 'IF471AIN', '2012-II', '070703'),
('10208', 'FI357AIN', '2012-II', '070704'),
('12004', 'IF412BIN', '2012-II', '070704'),
('13226', 'IF408AIN', '2012-II', '070704'),
('14664', 'IF231AIN', '2012-II', '070704'),
('14992', 'ME766AIN', '2012-II', '070704'),
('16570', 'IF533AIN', '2012-II', '070704'),
('10234', 'IF420AIN', '2012-II', '070705'),
('13733', 'IF212AIN', '2012-II', '070705'),
('14627', 'IF203AIN', '2012-II', '070705'),
('14817', 'IF302AIN', '2012-II', '070705'),
('15460', 'IF001AIN', '2012-II', '070705'),
('10326', 'FI264BIN', '2012-II', '070706'),
('13062', 'ME660AIN', '2012-II', '070706'),
('13428', 'IF505AIN', '2012-II', '070706'),
('14002', 'IF406AIN', '2012-II', '070706'),
('14664', 'IF231AIN', '2012-II', '070706'),
('16563', 'IF413AIN', '2012-II', '070706'),
('10326', 'FI264BIN', '2012-II', '070707'),
('13733', 'IF212AIN', '2012-II', '070707'),
('13733', 'IF501AIN', '2012-II', '070707'),
('14627', 'IF203AIN', '2012-II', '070707'),
('16563', 'IF413AIN', '2012-II', '070707'),
('16570', 'IF301AIN', '2012-II', '070707'),
('11849', 'IF053AIN', '2012-II', '070708'),
('14627', 'IF203AIN', '2012-II', '070708'),
('14769', 'IF209AIN', '2012-II', '070708'),
('14995', 'IF414BIN', '2012-II', '070708'),
('15460', 'IF213AIN', '2012-II', '070708'),
('16563', 'IF601AIN', '2012-II', '070708'),
('80037', 'CO152AIN', '2012-II', '070708'),
('13733', 'IF212AIN', '2012-II', '070710'),
('13994', 'IF602AIN', '2012-II', '070710'),
('14664', 'IF210AIN', '2012-II', '070710'),
('15460', 'IF001AIN', '2012-II', '070710'),
('10208', 'FI357AIN', '2012-II', '070711'),
('10234', 'IF420AIN', '2012-II', '070711'),
('13010', 'ME165BIN', '2012-II', '070711'),
('16441', 'ME252BIN', '2012-II', '070711'),
('80246', 'IF471AIN', '2012-II', '070711'),
('10397', 'ME359AIN', '2012-II', '070713'),
('10511', 'ME251AIN', '2012-II', '070713'),
('11203', 'IF410BIN', '2012-II', '070713'),
('13735', 'FI261CIN', '2012-II', '070713'),
('14769', 'IF422BIN', '2012-II', '070713'),
('13733', 'IF212AIN', '2012-II', '070714'),
('15460', 'IF001AIN', '2012-II', '070714'),
('15460', 'IF213AIN', '2012-II', '070714'),
('16563', 'IF414AIN', '2012-II', '070714'),
('13428', 'IF505AIN', '2012-II', '070715'),
('13522', 'AD153AIN', '2012-II', '070715'),
('14002', 'IF406AIN', '2012-II', '070715'),
('14664', 'IF231AIN', '2012-II', '070715'),
('16563', 'IF413AIN', '2012-II', '070715'),
('80037', 'CO152AIN', '2012-II', '070715'),
('11203', 'IF412AIN', '2012-II', '070717'),
('13733', 'IF501AIN', '2012-II', '070717'),
('14817', 'IF302AIN', '2012-II', '070717'),
('14986', 'FI264AIN', '2012-II', '070717'),
('15460', 'IF213AIN', '2012-II', '070717'),
('16563', 'IF601AIN', '2012-II', '070717'),
('80037', 'CO152AIN', '2012-II', '070717'),
('11849', 'IF053AIN', '2012-II', '070718'),
('12596', 'IF513AIN', '2012-II', '070718'),
('13733', 'IF212AIN', '2012-II', '070718'),
('14627', 'IF203AIN', '2012-II', '070718'),
('14986', 'FI264AIN', '2012-II', '070718'),
('16570', 'IF301AIN', '2012-II', '070718'),
('11849', 'IF053AIN', '2012-II', '070720'),
('13733', 'IF212AIN', '2012-II', '070720'),
('13994', 'IF425AIN', '2012-II', '070720'),
('14627', 'IF203AIN', '2012-II', '070720'),
('14817', 'IF302AIN', '2012-II', '070720'),
('14986', 'FI264AIN', '2012-II', '070720'),
('16563', 'IF601AIN', '2012-II', '070720'),
('12596', 'IF403AIN', '2012-II', '070721'),
('14817', 'IF411BIN', '2012-II', '070721'),
('14986', 'FI264AIN', '2012-II', '070721'),
('14992', 'ME766AIN', '2012-II', '070721'),
('80037', 'CO152AIN', '2012-II', '070721'),
('13428', 'IF502AIN', '2012-II', '070722'),
('13994', 'IF425AIN', '2012-II', '070722'),
('14332', 'EC702AIN', '2012-II', '070722'),
('14627', 'IF506AIN', '2012-II', '070722'),
('14769', 'IF209AIN', '2012-II', '070722'),
('14817', 'IF302AIN', '2012-II', '070722'),
('15460', 'IF213AIN', '2012-II', '070722'),
('13994', 'IF425AIN', '2012-II', '070724'),
('13994', 'IF602AIN', '2012-II', '070724'),
('14664', 'IF210AIN', '2012-II', '070724'),
('15460', 'IF001AIN', '2012-II', '070724'),
('13994', 'IF602AIN', '2012-II', '070726'),
('14332', 'EC702AIN', '2012-II', '070726'),
('14664', 'IF210AIN', '2012-II', '070726'),
('15460', 'IF001AIN', '2012-II', '070726'),
('16563', 'IF413AIN', '2012-II', '070726'),
('10234', 'IF420AIN', '2012-II', '070729'),
('11849', 'IF053AIN', '2012-II', '070729'),
('13733', 'IF501AIN', '2012-II', '070729'),
('14627', 'IF203AIN', '2012-II', '070729'),
('15460', 'IF213AIN', '2012-II', '070729'),
('16563', 'IF414AIN', '2012-II', '070729'),
('10208', 'FI357AIN', '2012-II', '070730'),
('10511', 'ME251AIN', '2012-II', '070730'),
('13226', 'IF408AIN', '2012-II', '070730'),
('14664', 'IF231AIN', '2012-II', '070730'),
('10326', 'FI264BIN', '2012-II', '073288'),
('12596', 'IF403AIN', '2012-II', '073288'),
('13008', 'ME360BIN', '2012-II', '073288'),
('16570', 'IF461AIN', '2012-II', '073288'),
('17092', 'IF404AIN', '2012-II', '073288'),
('80246', 'IF411CIN', '2012-II', '073288'),
('13008', 'ME360BIN', '2012-II', '073289'),
('13428', 'IF502AIN', '2012-II', '073289'),
('14986', 'FI264AIN', '2012-II', '073289'),
('16441', 'ME252BIN', '2012-II', '073289'),
('16570', 'IF533AIN', '2012-II', '073289'),
('10234', 'IF420AIN', '2012-II', '073291'),
('11849', 'IF053AIN', '2012-II', '073291'),
('14817', 'IF302AIN', '2012-II', '073291'),
('15460', 'IF213AIN', '2012-II', '073291'),
('16563', 'IF414AIN', '2012-II', '073291'),
('16563', 'IF601AIN', '2012-II', '073291'),
('80246', 'IF471AIN', '2012-II', '073291'),
('11849', 'IF053AIN', '2012-II', '073292'),
('14627', 'IF203AIN', '2012-II', '073292'),
('14817', 'IF302AIN', '2012-II', '073292'),
('15460', 'IF213AIN', '2012-II', '073292'),
('16563', 'IF414AIN', '2012-II', '073292'),
('16563', 'IF601AIN', '2012-II', '073292'),
('80246', 'IF471AIN', '2012-II', '073292'),
('11849', 'IF053AIN', '2012-II', '073293'),
('13994', 'IF425AIN', '2012-II', '073293'),
('13994', 'IF602AIN', '2012-II', '073293'),
('14627', 'IF203AIN', '2012-II', '073293'),
('14769', 'IF209AIN', '2012-II', '073293'),
('15460', 'IF213AIN', '2012-II', '073293'),
('11849', 'IF053AIN', '2012-II', '073294'),
('13428', 'IF505AIN', '2012-II', '073294'),
('13994', 'IF425AIN', '2012-II', '073294'),
('14627', 'IF203AIN', '2012-II', '073294'),
('15460', 'IF213AIN', '2012-II', '073294'),
('16563', 'IF601AIN', '2012-II', '073294'),
('12596', 'IF403AIN', '2012-II', '073295'),
('13733', 'IF501AIN', '2012-II', '073295'),
('14332', 'EC702AIN', '2012-II', '073295'),
('17098', 'ME253BIN', '2012-II', '073295'),
('10119', 'EC171AIN', '2012-II', '073296'),
('10326', 'FI264BIN', '2012-II', '073296'),
('13008', 'ME360BIN', '2012-II', '073296'),
('13062', 'ME660AIN', '2012-II', '073296'),
('16155', 'DE151AIN', '2012-II', '073296'),
('16441', 'ME252BIN', '2012-II', '073296'),
('11849', 'IF053AIN', '2012-II', '073297'),
('14627', 'IF203AIN', '2012-II', '073297'),
('14817', 'IF302AIN', '2012-II', '073297'),
('15460', 'IF213AIN', '2012-II', '073297'),
('16563', 'IF414AIN', '2012-II', '073297'),
('16563', 'IF601AIN', '2012-II', '073297'),
('80246', 'IF471AIN', '2012-II', '073297'),
('11849', 'IF053AIN', '2012-II', '073298'),
('13994', 'IF425AIN', '2012-II', '073298'),
('13994', 'IF602AIN', '2012-II', '073298'),
('14002', 'IF603AIN', '2012-II', '073298'),
('14627', 'IF203AIN', '2012-II', '073298'),
('14817', 'IF302AIN', '2012-II', '073298'),
('11849', 'IF053AIN', '2012-II', '073299'),
('13062', 'ME660AIN', '2012-II', '073299'),
('13428', 'IF505AIN', '2012-II', '073299'),
('13994', 'IF425AIN', '2012-II', '073299'),
('15460', 'IF213AIN', '2012-II', '073299'),
('16563', 'IF601AIN', '2012-II', '073299'),
('11849', 'IF053AIN', '2012-II', '073300'),
('13062', 'ME660AIN', '2012-II', '073300'),
('13428', 'IF505AIN', '2012-II', '073300'),
('13994', 'IF602AIN', '2012-II', '073300'),
('14002', 'IF603AIN', '2012-II', '073300'),
('14627', 'IF203AIN', '2012-II', '073300'),
('10234', 'IF420AIN', '2012-II', '073303'),
('13428', 'IF502AIN', '2012-II', '073303'),
('14332', 'EC702AIN', '2012-II', '073303'),
('14664', 'IF202AIN', '2012-II', '073303'),
('16563', 'IF413AIN', '2012-II', '073303'),
('16570', 'IF301AIN', '2012-II', '073303'),
('12004', 'IF412BIN', '2012-II', '073304'),
('14002', 'IF406AIN', '2012-II', '073304'),
('14664', 'IF231AIN', '2012-II', '073304'),
('17092', 'IF404AIN', '2012-II', '073304'),
('17098', 'ME253BIN', '2012-II', '073304'),
('80037', 'CO152AIN', '2012-II', '073304'),
('10048', 'ME252AIN', '2012-II', '073306'),
('10670', 'ME165AIN', '2012-II', '073306'),
('13008', 'ME360BIN', '2012-II', '073306'),
('13226', 'IF421BIN', '2012-II', '073306'),
('80246', 'IF471AIN', '2012-II', '073306'),
('13062', 'ME660AIN', '2012-II', '073307'),
('13428', 'IF502AIN', '2012-II', '073307'),
('14002', 'IF406AIN', '2012-II', '073307'),
('14817', 'IF302AIN', '2012-II', '073307'),
('14995', 'IF413BIN', '2012-II', '073307'),
('16563', 'IF601AIN', '2012-II', '073307'),
('10234', 'IF420AIN', '2012-II', '073308'),
('13428', 'IF502AIN', '2012-II', '073308'),
('15460', 'IF213AIN', '2012-II', '073308'),
('16570', 'IF533AIN', '2012-II', '073308'),
('17098', 'ME253BIN', '2012-II', '073308'),
('10326', 'FI264BIN', '2012-II', '073309'),
('12596', 'IF403AIN', '2012-II', '073309'),
('13062', 'ME660AIN', '2012-II', '073309'),
('16570', 'IF461AIN', '2012-II', '073309'),
('17098', 'ME253BIN', '2012-II', '073309'),
('80246', 'IF411CIN', '2012-II', '073309'),
('10397', 'ME360AIN', '2012-II', '073310'),
('11849', 'IF409CIN', '2012-II', '073310'),
('13010', 'ME165BIN', '2012-II', '073310'),
('13062', 'ME251BIN', '2012-II', '073310'),
('13735', 'FI261CIN', '2012-II', '073310'),
('13062', 'ME660AIN', '2012-II', '073311'),
('14768', 'IF410AIN', '2012-II', '073311'),
('14986', 'FI264AIN', '2012-II', '073311'),
('14992', 'ME766AIN', '2012-II', '073311'),
('16570', 'IF461AIN', '2012-II', '073311'),
('80037', 'CO152AIN', '2012-II', '073311'),
('10234', 'IF420AIN', '2012-II', '073313'),
('14627', 'IF203AIN', '2012-II', '073313'),
('14769', 'IF209AIN', '2012-II', '073313'),
('15460', 'IF213AIN', '2012-II', '073313'),
('16563', 'IF414AIN', '2012-II', '073313'),
('80037', 'CO152AIN', '2012-II', '073313'),
('80246', 'IF471AIN', '2012-II', '073313'),
('11849', 'IF053AIN', '2012-II', '073314'),
('13428', 'IF505AIN', '2012-II', '073314'),
('13994', 'IF425AIN', '2012-II', '073314'),
('14002', 'IF603AIN', '2012-II', '073314'),
('14627', 'IF506AIN', '2012-II', '073314'),
('14664', 'IF210AIN', '2012-II', '073314'),
('15460', 'IF001AIN', '2012-II', '073314'),
('12596', 'IF403AIN', '2012-II', '073315'),
('13733', 'IF501AIN', '2012-II', '073315'),
('16570', 'IF461AIN', '2012-II', '073315'),
('17098', 'ME253BIN', '2012-II', '073315'),
('80246', 'IF411CIN', '2012-II', '073315'),
('10234', 'IF420AIN', '2012-II', '073316'),
('13062', 'ME660AIN', '2012-II', '073316'),
('14664', 'IF202AIN', '2012-II', '073316'),
('16563', 'IF413AIN', '2012-II', '073316'),
('16570', 'IF301AIN', '2012-II', '073316'),
('80037', 'CO152AIN', '2012-II', '073316'),
('11849', 'IF053AIN', '2012-II', '073317'),
('13010', 'ME165BIN', '2012-II', '073317'),
('13062', 'ME660AIN', '2012-II', '073317'),
('13428', 'IF505AIN', '2012-II', '073317'),
('13994', 'IF602AIN', '2012-II', '073317'),
('14332', 'EC702AIN', '2012-II', '073317'),
('14627', 'IF203AIN', '2012-II', '073317'),
('16563', 'IF413AIN', '2012-II', '073317'),
('13428', 'IF502AIN', '2012-II', '073318'),
('14664', 'IF202AIN', '2012-II', '073318'),
('14995', 'IF413BIN', '2012-II', '073318'),
('16155', 'DE151AIN', '2012-II', '073318'),
('16570', 'IF301AIN', '2012-II', '073318'),
('16570', 'IF461AIN', '2012-II', '073318'),
('80037', 'CO152AIN', '2012-II', '073318'),
('11849', 'IF053AIN', '2012-II', '073319'),
('13428', 'IF505AIN', '2012-II', '073319'),
('14627', 'IF203AIN', '2012-II', '073319'),
('15460', 'IF213AIN', '2012-II', '073319'),
('16563', 'IF601AIN', '2012-II', '073319'),
('80246', 'IF471AIN', '2012-II', '073319'),
('13428', 'IF502AIN', '2012-II', '073320'),
('14332', 'EC702AIN', '2012-II', '073320'),
('14664', 'IF202AIN', '2012-II', '073320'),
('16563', 'IF413AIN', '2012-II', '073320'),
('16570', 'IF301AIN', '2012-II', '073320'),
('16570', 'IF461AIN', '2012-II', '073320'),
('80037', 'CO152AIN', '2012-II', '073320'),
('11849', 'IF053AIN', '2012-II', '073321'),
('14002', 'IF406AIN', '2012-II', '073321'),
('14332', 'EC702AIN', '2012-II', '073321'),
('14627', 'IF203AIN', '2012-II', '073321'),
('14817', 'IF302AIN', '2012-II', '073321'),
('15938', 'IF414CIN', '2012-II', '073321'),
('16563', 'IF413AIN', '2012-II', '073321'),
('16563', 'IF601AIN', '2012-II', '073321'),
('13428', 'IF502AIN', '2012-II', '073322'),
('14332', 'EC702AIN', '2012-II', '073322'),
('14664', 'IF202AIN', '2012-II', '073322'),
('16563', 'IF413AIN', '2012-II', '073322'),
('16570', 'IF301AIN', '2012-II', '073322'),
('16570', 'IF533AIN', '2012-II', '073322'),
('10234', 'IF420AIN', '2012-II', '073324'),
('13028', 'ME253AIN', '2012-II', '073324'),
('13428', 'IF505AIN', '2012-II', '073324'),
('14664', 'IF202AIN', '2012-II', '073324'),
('14995', 'IF413BIN', '2012-II', '073324'),
('80176', 'ED153AIN', '2012-II', '073324'),
('13062', 'ME660AIN', '2012-II', '073325'),
('13735', 'FI261CIN', '2012-II', '073325'),
('14664', 'IF231AIN', '2012-II', '073325'),
('16441', 'ME252BIN', '2012-II', '073325'),
('17092', 'IF404AIN', '2012-II', '073325'),
('80246', 'IF411CIN', '2012-II', '073325'),
('11849', 'IF053AIN', '2012-II', '073326'),
('13226', 'IF408AIN', '2012-II', '073326'),
('13428', 'IF505AIN', '2012-II', '073326'),
('14627', 'IF203AIN', '2012-II', '073326'),
('14986', 'FI264AIN', '2012-II', '073326'),
('15460', 'IF213AIN', '2012-II', '073326'),
('16563', 'IF414AIN', '2012-II', '073326'),
('80037', 'CO152AIN', '2012-II', '073326'),
('10234', 'IF420AIN', '2012-II', '073327'),
('13226', 'IF408AIN', '2012-II', '073327'),
('14332', 'EC702AIN', '2012-II', '073327'),
('14627', 'IF203AIN', '2012-II', '073327'),
('16563', 'IF413AIN', '2012-II', '073327'),
('16570', 'IF301AIN', '2012-II', '073327'),
('10234', 'IF420AIN', '2012-II', '080207'),
('11849', 'IF053AIN', '2012-II', '080207'),
('14627', 'IF203AIN', '2012-II', '080207'),
('15460', 'IF213AIN', '2012-II', '080207'),
('16570', 'IF301AIN', '2012-II', '080207'),
('80246', 'IF471AIN', '2012-II', '080207'),
('10397', 'ME359AIN', '2012-II', '080211'),
('10511', 'ME251AIN', '2012-II', '080211'),
('12596', 'IF403AIN', '2012-II', '080211'),
('13010', 'ME165BIN', '2012-II', '080211'),
('17092', 'IF404AIN', '2012-II', '080211'),
('80246', 'IF411CIN', '2012-II', '080211'),
('14002', 'IF406AIN', '2012-II', '080214'),
('14332', 'EC702AIN', '2012-II', '080214'),
('16155', 'DE151AIN', '2012-II', '080214'),
('16563', 'IF413AIN', '2012-II', '080214'),
('16570', 'IF301AIN', '2012-II', '080214'),
('16570', 'IF461AIN', '2012-II', '080214'),
('80037', 'CO152AIN', '2012-II', '080214'),
('11849', 'IF053AIN', '2012-II', '080216'),
('12004', 'IF412BIN', '2012-II', '080216'),
('14627', 'IF203AIN', '2012-II', '080216'),
('14769', 'IF209AIN', '2012-II', '080216'),
('15460', 'IF213AIN', '2012-II', '080216'),
('15938', 'IF414CIN', '2012-II', '080216'),
('16155', 'DE151AIN', '2012-II', '080216'),
('16563', 'IF601AIN', '2012-II', '080216'),
('14332', 'EC702AIN', '2012-II', '080219'),
('14664', 'IF202AIN', '2012-II', '080219'),
('14995', 'IF413BIN', '2012-II', '080219'),
('16570', 'IF301AIN', '2012-II', '080219'),
('16570', 'IF461AIN', '2012-II', '080219'),
('16570', 'IF533AIN', '2012-II', '080219'),
('10234', 'IF420AIN', '2012-II', '080221'),
('13428', 'IF502AIN', '2012-II', '080221'),
('14664', 'IF202AIN', '2012-II', '080221'),
('14995', 'IF413BIN', '2012-II', '080221'),
('16570', 'IF301AIN', '2012-II', '080221'),
('16570', 'IF533AIN', '2012-II', '080221'),
('13994', 'IF602AIN', '2012-II', '080223'),
('14002', 'IF603AIN', '2012-II', '080223'),
('14664', 'IF210AIN', '2012-II', '080223'),
('14769', 'IF209AIN', '2012-II', '080223'),
('14817', 'IF302AIN', '2012-II', '080223'),
('15460', 'IF001AIN', '2012-II', '080223'),
('12596', 'IF403AIN', '2012-II', '080224'),
('14332', 'EC702AIN', '2012-II', '080224'),
('16570', 'IF461AIN', '2012-II', '080224'),
('17092', 'IF404AIN', '2012-II', '080224'),
('80037', 'CO152AIN', '2012-II', '080224'),
('80246', 'IF411CIN', '2012-II', '080224'),
('80246', 'IF471AIN', '2012-II', '080224'),
('10234', 'IF420AIN', '2012-II', '080225'),
('13431', 'FI263AIN', '2012-II', '080225'),
('15460', 'IF213AIN', '2012-II', '080225'),
('16570', 'IF533AIN', '2012-II', '080225'),
('17098', 'ME253BIN', '2012-II', '080225'),
('10208', 'FI357AIN', '2012-II', '080227'),
('12596', 'IF403AIN', '2012-II', '080227'),
('16570', 'IF461AIN', '2012-II', '080227'),
('80037', 'CO152AIN', '2012-II', '080227'),
('80246', 'IF471AIN', '2012-II', '080227'),
('11203', 'IF412AIN', '2012-II', '080229'),
('14002', 'IF406AIN', '2012-II', '080229'),
('14332', 'EC702AIN', '2012-II', '080229'),
('14992', 'ME766AIN', '2012-II', '080229'),
('16570', 'IF533AIN', '2012-II', '080229'),
('17098', 'ME253BIN', '2012-II', '080229'),
('10670', 'ME165AIN', '2012-II', '080736'),
('12004', 'IF412BIN', '2012-II', '080736'),
('14664', 'IF202AIN', '2012-II', '080736'),
('16570', 'IF461AIN', '2012-II', '080736'),
('16570', 'IF533AIN', '2012-II', '080736'),
('17098', 'ME253BIN', '2012-II', '080736'),
('11849', 'IF053AIN', '2012-II', '080737'),
('14627', 'IF203AIN', '2012-II', '080737'),
('14817', 'IF302AIN', '2012-II', '080737'),
('14995', 'IF414BIN', '2012-II', '080737'),
('15460', 'IF213AIN', '2012-II', '080737'),
('16563', 'IF601AIN', '2012-II', '080737'),
('16570', 'IF461AIN', '2012-II', '080737'),
('80246', 'IF471AIN', '2012-II', '080737'),
('13733', 'IF212AIN', '2012-II', '080738'),
('14627', 'IF203AIN', '2012-II', '080738'),
('14627', 'IF506AIN', '2012-II', '080738'),
('14664', 'IF210AIN', '2012-II', '080738'),
('14817', 'IF302AIN', '2012-II', '080738'),
('16155', 'DE151AIN', '2012-II', '080738'),
('80037', 'CO152AIN', '2012-II', '080738'),
('10234', 'IF420AIN', '2012-II', '080739'),
('13994', 'IF425AIN', '2012-II', '080739'),
('13994', 'IF602AIN', '2012-II', '080739'),
('14002', 'IF603AIN', '2012-II', '080739'),
('14769', 'IF209AIN', '2012-II', '080739'),
('16155', 'DE151AIN', '2012-II', '080739'),
('10234', 'IF420AIN', '2012-II', '080740'),
('11203', 'IF412AIN', '2012-II', '080740'),
('13733', 'IF501AIN', '2012-II', '080740'),
('16570', 'IF533AIN', '2012-II', '080740'),
('80037', 'CO152AIN', '2012-II', '080740'),
('80246', 'IF471AIN', '2012-II', '080740'),
('11849', 'IF053AIN', '2012-II', '080741'),
('13994', 'IF425AIN', '2012-II', '080741'),
('14627', 'IF203AIN', '2012-II', '080741'),
('14817', 'IF302AIN', '2012-II', '080741'),
('16563', 'IF414AIN', '2012-II', '080741'),
('16563', 'IF601AIN', '2012-II', '080741'),
('80246', 'IF471AIN', '2012-II', '080741'),
('11849', 'IF053AIN', '2012-II', '080742'),
('14627', 'IF203AIN', '2012-II', '080742'),
('14627', 'IF506AIN', '2012-II', '080742'),
('14664', 'IF210AIN', '2012-II', '080742'),
('14817', 'IF302AIN', '2012-II', '080742'),
('14995', 'IF414BIN', '2012-II', '080742'),
('16563', 'IF601AIN', '2012-II', '080742'),
('80037', 'CO152AIN', '2012-II', '080742'),
('10234', 'IF420AIN', '2012-II', '080747'),
('11849', 'IF053AIN', '2012-II', '080747'),
('13733', 'IF501AIN', '2012-II', '080747'),
('14627', 'IF203AIN', '2012-II', '080747'),
('14995', 'IF414BIN', '2012-II', '080747'),
('15460', 'IF213AIN', '2012-II', '080747'),
('80246', 'IF471AIN', '2012-II', '080747'),
('13994', 'IF425AIN', '2012-II', '081104'),
('13994', 'IF602AIN', '2012-II', '081104'),
('14002', 'IF603AIN', '2012-II', '081104'),
('14769', 'IF209AIN', '2012-II', '081104'),
('16570', 'IF461AIN', '2012-II', '081104'),
('80246', 'IF471AIN', '2012-II', '081104'),
('13733', 'IF212AIN', '2012-II', '081105'),
('14002', 'IF603AIN', '2012-II', '081105'),
('14627', 'IF203AIN', '2012-II', '081105'),
('14664', 'IF210AIN', '2012-II', '081105'),
('14817', 'IF302AIN', '2012-II', '081105'),
('15460', 'IF001AIN', '2012-II', '081105'),
('13994', 'IF602AIN', '2012-II', '081108'),
('14002', 'IF603AIN', '2012-II', '081108'),
('14332', 'EC702AIN', '2012-II', '081108'),
('14664', 'IF210AIN', '2012-II', '081108'),
('14769', 'IF209AIN', '2012-II', '081108'),
('15460', 'IF001AIN', '2012-II', '081108'),
('16155', 'DE151AIN', '2012-II', '081108'),
('17092', 'IF404AIN', '2012-II', '081108'),
('13994', 'IF425AIN', '2012-II', '081109'),
('13994', 'IF602AIN', '2012-II', '081109'),
('14002', 'IF603AIN', '2012-II', '081109'),
('14769', 'IF209AIN', '2012-II', '081109'),
('16570', 'IF461AIN', '2012-II', '081109'),
('80246', 'IF471AIN', '2012-II', '081109'),
('13733', 'IF212AIN', '2012-II', '081110'),
('14002', 'IF603AIN', '2012-II', '081110'),
('14627', 'IF203AIN', '2012-II', '081110'),
('14627', 'IF506AIN', '2012-II', '081110'),
('14664', 'IF210AIN', '2012-II', '081110'),
('14817', 'IF302AIN', '2012-II', '081110'),
('13226', 'IF408AIN', '2012-II', '081111'),
('14769', 'IF209AIN', '2012-II', '081111'),
('14995', 'IF414BIN', '2012-II', '081111'),
('16563', 'IF601AIN', '2012-II', '081111'),
('16570', 'IF533AIN', '2012-II', '081111'),
('80246', 'IF471AIN', '2012-II', '081111'),
('13428', 'IF502AIN', '2012-II', '081112'),
('13994', 'IF425AIN', '2012-II', '081112'),
('14769', 'IF209AIN', '2012-II', '081112'),
('15460', 'IF213AIN', '2012-II', '081112'),
('15938', 'IF414CIN', '2012-II', '081112'),
('16563', 'IF601AIN', '2012-II', '081112'),
('10234', 'IF420AIN', '2012-II', '081113'),
('13994', 'IF425AIN', '2012-II', '081113'),
('13994', 'IF602AIN', '2012-II', '081113'),
('14002', 'IF603AIN', '2012-II', '081113'),
('14769', 'IF209AIN', '2012-II', '081113'),
('80246', 'IF471AIN', '2012-II', '081113'),
('13994', 'IF602AIN', '2012-II', '081114'),
('14002', 'IF603AIN', '2012-II', '081114'),
('14664', 'IF210AIN', '2012-II', '081114'),
('15460', 'IF001AIN', '2012-II', '081114'),
('10048', 'ME252AIN', '2012-II', '081317'),
('13008', 'ME360BIN', '2012-II', '081317'),
('13428', 'IF505AIN', '2012-II', '081317'),
('16570', 'IF461AIN', '2012-II', '081317'),
('80246', 'IF471AIN', '2012-II', '081317'),
('10397', 'ME360AIN', '2012-II', '081318'),
('13010', 'ME165BIN', '2012-II', '081318'),
('13226', 'IF421BIN', '2012-II', '081318'),
('13733', 'IF501AIN', '2012-II', '081318'),
('16441', 'ME252BIN', '2012-II', '081318'),
('11849', 'IF053AIN', '2012-II', '081320'),
('14627', 'IF203AIN', '2012-II', '081320'),
('14817', 'IF302AIN', '2012-II', '081320'),
('15460', 'IF213AIN', '2012-II', '081320'),
('16155', 'DE151AIN', '2012-II', '081320'),
('16563', 'IF414AIN', '2012-II', '081320'),
('16563', 'IF601AIN', '2012-II', '081320'),
('80246', 'IF471AIN', '2012-II', '081320'),
('10397', 'ME360AIN', '2012-II', '081321'),
('11203', 'IF410BIN', '2012-II', '081321'),
('13062', 'ME660AIN', '2012-II', '081321'),
('13225', 'IF422AIN', '2012-II', '081321'),
('16441', 'ME252BIN', '2012-II', '081321'),
('10208', 'FI357AIN', '2012-II', '081552'),
('11203', 'IF410BIN', '2012-II', '081552'),
('14986', 'FI264AIN', '2012-II', '081552'),
('16570', 'IF461AIN', '2012-II', '081552'),
('80037', 'CO152AIN', '2012-II', '081552'),
('80246', 'IF471AIN', '2012-II', '081552'),
('10234', 'IF420AIN', '2012-II', '081553'),
('11203', 'IF412AIN', '2012-II', '081553'),
('14664', 'IF202AIN', '2012-II', '081553'),
('16570', 'IF301AIN', '2012-II', '081553'),
('80176', 'ED153AIN', '2012-II', '081553'),
('13994', 'IF602AIN', '2012-II', '081555'),
('14002', 'IF603AIN', '2012-II', '081555'),
('14664', 'IF210AIN', '2012-II', '081555'),
('14769', 'IF209AIN', '2012-II', '081555'),
('15460', 'IF001AIN', '2012-II', '081555'),
('15460', 'IF213AIN', '2012-II', '081555'),
('16570', 'IF461AIN', '2012-II', '081555'),
('10234', 'IF420AIN', '2012-II', '081557'),
('11849', 'IF053AIN', '2012-II', '081557'),
('14332', 'EC702AIN', '2012-II', '081557'),
('14627', 'IF203AIN', '2012-II', '081557'),
('14986', 'FI264AIN', '2012-II', '081557'),
('14992', 'ME766AIN', '2012-II', '081557'),
('16155', 'DE151AIN', '2012-II', '081557'),
('16570', 'IF301AIN', '2012-II', '081557'),
('10511', 'ME251AIN', '2012-II', '081563'),
('11203', 'IF410BIN', '2012-II', '081563'),
('13735', 'FI261CIN', '2012-II', '081563'),
('14769', 'IF422BIN', '2012-II', '081563'),
('14992', 'ME766AIN', '2012-II', '081563'),
('10326', 'FI264BIN', '2012-II', '081564'),
('13994', 'IF602AIN', '2012-II', '081564'),
('14627', 'IF203AIN', '2012-II', '081564'),
('14664', 'IF210AIN', '2012-II', '081564'),
('15460', 'IF213AIN', '2012-II', '081564'),
('10234', 'IF420AIN', '2012-II', '081565'),
('13428', 'IF502AIN', '2012-II', '081565'),
('14002', 'IF406AIN', '2012-II', '081565'),
('14992', 'ME766AIN', '2012-II', '081565'),
('16570', 'IF301AIN', '2012-II', '081565'),
('10234', 'IF420AIN', '2012-II', '081567'),
('13994', 'IF425AIN', '2012-II', '081567'),
('13994', 'IF602AIN', '2012-II', '081567'),
('14002', 'IF603AIN', '2012-II', '081567'),
('14769', 'IF209AIN', '2012-II', '081567'),
('15460', 'IF213AIN', '2012-II', '081567'),
('10397', 'ME360AIN', '2012-II', '081568'),
('12596', 'IF403AIN', '2012-II', '081568'),
('13062', 'ME660AIN', '2012-II', '081568'),
('13431', 'FI263AIN', '2012-II', '081568'),
('16441', 'ME252BIN', '2012-II', '081568'),
('13994', 'IF425AIN', '2012-II', '081570'),
('13994', 'IF602AIN', '2012-II', '081570'),
('14002', 'IF603AIN', '2012-II', '081570'),
('14769', 'IF209AIN', '2012-II', '081570'),
('16570', 'IF461AIN', '2012-II', '081570'),
('80246', 'IF471AIN', '2012-II', '081570'),
('11849', 'IF053AIN', '2012-II', '081572'),
('13994', 'IF425AIN', '2012-II', '081572'),
('14627', 'IF203AIN', '2012-II', '081572'),
('14817', 'IF302AIN', '2012-II', '081572'),
('15460', 'IF213AIN', '2012-II', '081572'),
('16563', 'IF414AIN', '2012-II', '081572'),
('16563', 'IF601AIN', '2012-II', '081572'),
('10363', 'LC154AIN', '2012-II', '081573'),
('12596', 'IF403AIN', '2012-II', '081573'),
('16570', 'IF461AIN', '2012-II', '081573'),
('17092', 'IF404AIN', '2012-II', '081573'),
('80037', 'CO152AIN', '2012-II', '081573'),
('80246', 'IF411CIN', '2012-II', '081573'),
('80246', 'IF471AIN', '2012-II', '081573'),
('14332', 'EC702AIN', '2012-II', '081574'),
('14769', 'IF422BIN', '2012-II', '081574'),
('14817', 'IF410CIN', '2012-II', '081574'),
('12596', 'IF403AIN', '2012-II', '081575'),
('13008', 'ME360BIN', '2012-II', '081575'),
('13062', 'ME660AIN', '2012-II', '081575'),
('16441', 'ME252BIN', '2012-II', '081575'),
('16570', 'IF461AIN', '2012-II', '081575'),
('80246', 'IF411CIN', '2012-II', '081575'),
('12596', 'IF403AIN', '2012-II', '081576'),
('13010', 'ME165BIN', '2012-II', '081576'),
('13733', 'IF501AIN', '2012-II', '081576'),
('14986', 'FI264AIN', '2012-II', '081576'),
('16570', 'IF461AIN', '2012-II', '081576'),
('80037', 'CO152AIN', '2012-II', '081576'),
('10234', 'IF420AIN', '2012-II', '081577'),
('11203', 'IF412AIN', '2012-II', '081577'),
('13226', 'IF408AIN', '2012-II', '081577'),
('14002', 'IF406AIN', '2012-II', '081577'),
('15460', 'IF213AIN', '2012-II', '081577'),
('16570', 'IF301AIN', '2012-II', '081577'),
('16570', 'IF533AIN', '2012-II', '081577'),
('12004', 'IF412BIN', '2012-II', '083174'),
('13010', 'ME165BIN', '2012-II', '083174'),
('13733', 'IF501AIN', '2012-II', '083174'),
('14002', 'IF406AIN', '2012-II', '083174'),
('14664', 'IF231AIN', '2012-II', '083174'),
('16570', 'IF533AIN', '2012-II', '083174'),
('10234', 'IF420AIN', '2012-II', '083176'),
('13428', 'IF505AIN', '2012-II', '083176'),
('14002', 'IF406AIN', '2012-II', '083176'),
('14995', 'IF413BIN', '2012-II', '083176'),
('17098', 'ME253BIN', '2012-II', '083176'),
('12596', 'IF403AIN', '2012-II', '083178'),
('13733', 'IF501AIN', '2012-II', '083178'),
('14332', 'EC702AIN', '2012-II', '083178');
INSERT INTO tMatricula (codDocente, codCurso, codSemestre, codAlumno) VALUES
('80246', 'IF411CIN', '2012-II', '083178'),
('10234', 'IF420AIN', '2012-II', '083179'),
('13428', 'IF502AIN', '2012-II', '083179'),
('14664', 'IF202AIN', '2012-II', '083179'),
('16563', 'IF413AIN', '2012-II', '083179'),
('16570', 'IF301AIN', '2012-II', '083179'),
('80037', 'CO152AIN', '2012-II', '083179'),
('10234', 'IF420AIN', '2012-II', '083180'),
('13733', 'IF501AIN', '2012-II', '083180'),
('14002', 'IF406AIN', '2012-II', '083180'),
('15460', 'IF213AIN', '2012-II', '083180'),
('17098', 'ME253BIN', '2012-II', '083180'),
('10048', 'ME252AIN', '2012-II', '083181'),
('10397', 'ME360AIN', '2012-II', '083181'),
('10571', 'FI261AIN', '2012-II', '083181'),
('11203', 'IF410BIN', '2012-II', '083181'),
('12240', 'FP179AIN', '2012-II', '083181'),
('13225', 'IF422AIN', '2012-II', '083181'),
('12596', 'IF403AIN', '2012-II', '083182'),
('14992', 'ME766AIN', '2012-II', '083182'),
('16570', 'IF461AIN', '2012-II', '083182'),
('17098', 'ME253BIN', '2012-II', '083182'),
('80037', 'CO152AIN', '2012-II', '083182'),
('80246', 'IF411CIN', '2012-II', '083182'),
('11849', 'IF053AIN', '2012-II', '083185'),
('13428', 'IF502AIN', '2012-II', '083185'),
('14627', 'IF203AIN', '2012-II', '083185'),
('14664', 'IF202AIN', '2012-II', '083185'),
('16563', 'IF413AIN', '2012-II', '083185'),
('16570', 'IF301AIN', '2012-II', '083185'),
('10397', 'ME359AIN', '2012-II', '083190'),
('10511', 'ME251AIN', '2012-II', '083190'),
('12240', 'FP179AIN', '2012-II', '083190'),
('13431', 'FI263AIN', '2012-II', '083190'),
('14768', 'IF410AIN', '2012-II', '083190'),
('14769', 'IF422BIN', '2012-II', '083190'),
('10234', 'IF420AIN', '2012-II', '083191'),
('11203', 'IF412AIN', '2012-II', '083191'),
('13226', 'IF408AIN', '2012-II', '083191'),
('14002', 'IF406AIN', '2012-II', '083191'),
('15460', 'IF213AIN', '2012-II', '083191'),
('16570', 'IF301AIN', '2012-II', '083191'),
('16570', 'IF533AIN', '2012-II', '083191'),
('10048', 'ME252AIN', '2012-II', '083192'),
('10397', 'ME360AIN', '2012-II', '083192'),
('12596', 'IF403AIN', '2012-II', '083192'),
('13431', 'FI263AIN', '2012-II', '083192'),
('17428', 'IF411AIN', '2012-II', '083192'),
('80037', 'CO152AIN', '2012-II', '083192'),
('10397', 'ME359AIN', '2012-II', '083193'),
('13062', 'ME251BIN', '2012-II', '083193'),
('13225', 'IF422AIN', '2012-II', '083193'),
('13431', 'FI263AIN', '2012-II', '083193'),
('14768', 'IF410AIN', '2012-II', '083193'),
('10208', 'FI357AIN', '2012-II', '083194'),
('12596', 'IF403AIN', '2012-II', '083194'),
('13062', 'ME660AIN', '2012-II', '083194'),
('16570', 'IF461AIN', '2012-II', '083194'),
('17098', 'ME253BIN', '2012-II', '083194'),
('11849', 'IF053AIN', '2012-II', '083195'),
('13428', 'IF505AIN', '2012-II', '083195'),
('14002', 'IF406AIN', '2012-II', '083195'),
('14627', 'IF203AIN', '2012-II', '083195'),
('14995', 'IF414BIN', '2012-II', '083195'),
('15460', 'IF213AIN', '2012-II', '083195'),
('16563', 'IF601AIN', '2012-II', '083195'),
('13226', 'IF408AIN', '2012-II', '083196'),
('13428', 'IF502AIN', '2012-II', '083196'),
('14002', 'IF406AIN', '2012-II', '083196'),
('15460', 'IF213AIN', '2012-II', '083196'),
('16570', 'IF301AIN', '2012-II', '083196'),
('16570', 'IF461AIN', '2012-II', '083196'),
('10397', 'ME360AIN', '2012-II', '083197'),
('10571', 'FI261AIN', '2012-II', '083197'),
('13062', 'ME660AIN', '2012-II', '083197'),
('13225', 'IF422AIN', '2012-II', '083197'),
('17098', 'ME253BIN', '2012-II', '083197'),
('10208', 'FI357AIN', '2012-II', '083199'),
('11203', 'IF410BIN', '2012-II', '083199'),
('14769', 'IF422BIN', '2012-II', '083199'),
('80246', 'IF471AIN', '2012-II', '083199'),
('13733', 'IF501AIN', '2012-II', '083201'),
('14332', 'EC702AIN', '2012-II', '083201'),
('14664', 'IF231AIN', '2012-II', '083201'),
('14992', 'ME766AIN', '2012-II', '083201'),
('80037', 'CO152AIN', '2012-II', '083201'),
('80246', 'IF471AIN', '2012-II', '083201'),
('10234', 'IF420AIN', '2012-II', '083202'),
('13010', 'ME165BIN', '2012-II', '083202'),
('13062', 'ME660AIN', '2012-II', '083202'),
('14995', 'IF413BIN', '2012-II', '083202'),
('16155', 'DE151AIN', '2012-II', '083202'),
('16570', 'IF301AIN', '2012-II', '083202'),
('12596', 'IF403AIN', '2012-II', '083203'),
('13010', 'ME165BIN', '2012-II', '083203'),
('14992', 'ME766AIN', '2012-II', '083203'),
('17092', 'IF404AIN', '2012-II', '083203'),
('17428', 'IF411AIN', '2012-II', '083203'),
('80037', 'CO152AIN', '2012-II', '083203'),
('10048', 'ME252AIN', '2012-II', '083204'),
('10208', 'FI357AIN', '2012-II', '083204'),
('13428', 'IF505AIN', '2012-II', '083204'),
('14664', 'IF231AIN', '2012-II', '083204'),
('80246', 'IF471AIN', '2012-II', '083204'),
('10234', 'IF420AIN', '2012-II', '083205'),
('11203', 'IF412AIN', '2012-II', '083205'),
('11849', 'IF053AIN', '2012-II', '083205'),
('14002', 'IF406AIN', '2012-II', '083205'),
('14627', 'IF203AIN', '2012-II', '083205'),
('14817', 'IF302AIN', '2012-II', '083205'),
('15460', 'IF213AIN', '2012-II', '083205'),
('10234', 'IF420AIN', '2012-II', '083206'),
('13428', 'IF502AIN', '2012-II', '083206'),
('13428', 'IF505AIN', '2012-II', '083206'),
('14002', 'IF406AIN', '2012-II', '083206'),
('15460', 'IF213AIN', '2012-II', '083206'),
('11849', 'IF053AIN', '2012-II', '083210'),
('14332', 'EC702AIN', '2012-II', '083210'),
('14627', 'IF203AIN', '2012-II', '083210'),
('14817', 'IF302AIN', '2012-II', '083210'),
('14992', 'ME766AIN', '2012-II', '083210'),
('14995', 'IF414BIN', '2012-II', '083210'),
('80246', 'IF471AIN', '2012-II', '083210'),
('10234', 'IF420AIN', '2012-II', '083212'),
('11203', 'IF412AIN', '2012-II', '083212'),
('13226', 'IF408AIN', '2012-II', '083212'),
('14002', 'IF406AIN', '2012-II', '083212'),
('14817', 'IF302AIN', '2012-II', '083212'),
('15460', 'IF213AIN', '2012-II', '083212'),
('80037', 'CO152AIN', '2012-II', '083212'),
('10208', 'FI357AIN', '2012-II', '083213'),
('10397', 'ME359AIN', '2012-II', '083213'),
('11203', 'IF410BIN', '2012-II', '083213'),
('13028', 'ME253AIN', '2012-II', '083213'),
('80246', 'IF471AIN', '2012-II', '083213'),
('10326', 'FI264BIN', '2012-II', '083215'),
('13010', 'ME165BIN', '2012-II', '083215'),
('13733', 'IF501AIN', '2012-II', '083215'),
('16570', 'IF461AIN', '2012-II', '083215'),
('13062', 'ME660AIN', '2012-II', '083218'),
('14992', 'ME766AIN', '2012-II', '083218'),
('10511', 'ME251AIN', '2012-II', '083219'),
('13010', 'ME165BIN', '2012-II', '083219'),
('13226', 'IF421BIN', '2012-II', '083219'),
('13735', 'FI261CIN', '2012-II', '083219'),
('80051', 'ME305BIN', '2012-II', '083219'),
('10511', 'ME251AIN', '2012-II', '083221'),
('13010', 'ME165BIN', '2012-II', '083221'),
('13226', 'IF421BIN', '2012-II', '083221'),
('16155', 'DE151AIN', '2012-II', '083221'),
('10397', 'ME359AIN', '2012-II', '083222'),
('10511', 'ME251AIN', '2012-II', '083222'),
('13010', 'ME165BIN', '2012-II', '083222'),
('13064', 'FI261BIN', '2012-II', '083222'),
('13226', 'IF421BIN', '2012-II', '083222'),
('10208', 'FI357AIN', '2012-II', '090002'),
('10397', 'ME359AIN', '2012-II', '090002'),
('13428', 'IF505AIN', '2012-II', '090002'),
('14002', 'IF406AIN', '2012-II', '090002'),
('17098', 'ME253BIN', '2012-II', '090002'),
('10048', 'ME252AIN', '2012-II', '090206'),
('13226', 'IF408AIN', '2012-II', '090206'),
('14992', 'ME766AIN', '2012-II', '090206'),
('16570', 'IF461AIN', '2012-II', '090206'),
('17092', 'IF404AIN', '2012-II', '090206'),
('80246', 'IF411CIN', '2012-II', '090206'),
('12596', 'IF403AIN', '2012-II', '090207'),
('13062', 'ME660AIN', '2012-II', '090207'),
('13431', 'FI263AIN', '2012-II', '090207'),
('16441', 'ME252BIN', '2012-II', '090207'),
('17092', 'IF404AIN', '2012-II', '090207'),
('17428', 'IF411AIN', '2012-II', '090207'),
('12596', 'IF403AIN', '2012-II', '090209'),
('14817', 'IF411BIN', '2012-II', '090209'),
('14992', 'ME766AIN', '2012-II', '090209'),
('16441', 'ME252BIN', '2012-II', '090209'),
('17092', 'IF404AIN', '2012-II', '090209'),
('80037', 'CO152AIN', '2012-II', '090209'),
('13008', 'ME360BIN', '2012-II', '090210'),
('13733', 'IF501AIN', '2012-II', '090210'),
('16155', 'DE151AIN', '2012-II', '090210'),
('16570', 'IF461AIN', '2012-II', '090210'),
('16570', 'IF533AIN', '2012-II', '090210'),
('17098', 'ME253BIN', '2012-II', '090210'),
('13226', 'IF408AIN', '2012-II', '090211'),
('13428', 'IF502AIN', '2012-II', '090211'),
('14002', 'IF406AIN', '2012-II', '090211'),
('14664', 'IF231AIN', '2012-II', '090211'),
('14995', 'IF413BIN', '2012-II', '090211'),
('16570', 'IF533AIN', '2012-II', '090211'),
('10397', 'ME360AIN', '2012-II', '090213'),
('10511', 'ME251AIN', '2012-II', '090213'),
('10670', 'ME165AIN', '2012-II', '090213'),
('14769', 'IF422BIN', '2012-II', '090213'),
('14817', 'IF410CIN', '2012-II', '090213'),
('10397', 'ME359AIN', '2012-II', '090214'),
('12459', 'IF101AIN', '2012-II', '090214'),
('13431', 'FI263AIN', '2012-II', '090214'),
('16155', 'DE151AIN', '2012-II', '090214'),
('17098', 'ME253BIN', '2012-II', '090214'),
('80176', 'ED153AIN', '2012-II', '090214'),
('10363', 'LC154AIN', '2012-II', '090215'),
('10397', 'ME359AIN', '2012-II', '090215'),
('12459', 'IF101AIN', '2012-II', '090215'),
('13062', 'ME660AIN', '2012-II', '090215'),
('16441', 'ME252BIN', '2012-II', '090215'),
('14002', 'IF406AIN', '2012-II', '090216'),
('14664', 'IF231AIN', '2012-II', '090216'),
('14995', 'IF413BIN', '2012-II', '090216'),
('16155', 'DE151AIN', '2012-II', '090216'),
('16441', 'ME252BIN', '2012-II', '090216'),
('16570', 'IF533AIN', '2012-II', '090216'),
('13062', 'ME660AIN', '2012-II', '090218'),
('13428', 'IF502AIN', '2012-II', '090218'),
('14002', 'IF406AIN', '2012-II', '090218'),
('14664', 'IF231AIN', '2012-II', '090218'),
('14995', 'IF413BIN', '2012-II', '090218'),
('16570', 'IF533AIN', '2012-II', '090218'),
('10048', 'ME252AIN', '2012-II', '090219'),
('10397', 'ME360AIN', '2012-II', '090219'),
('13225', 'IF422AIN', '2012-II', '090219'),
('14768', 'IF410AIN', '2012-II', '090219'),
('14986', 'FI264AIN', '2012-II', '090219'),
('12004', 'IF412BIN', '2012-II', '090220'),
('12596', 'IF513AIN', '2012-II', '090220'),
('13428', 'IF502AIN', '2012-II', '090220'),
('14769', 'IF209AIN', '2012-II', '090220'),
('16563', 'IF601AIN', '2012-II', '090220'),
('80037', 'CO152AIN', '2012-II', '090220'),
('80246', 'IF471AIN', '2012-II', '090220'),
('10234', 'IF420AIN', '2012-II', '090221'),
('14664', 'IF202AIN', '2012-II', '090221'),
('14995', 'IF413BIN', '2012-II', '090221'),
('16570', 'IF301AIN', '2012-II', '090221'),
('80037', 'CO152AIN', '2012-II', '090221'),
('10208', 'FI357AIN', '2012-II', '090224'),
('10397', 'ME360AIN', '2012-II', '090224'),
('10511', 'ME251AIN', '2012-II', '090224'),
('14769', 'IF422BIN', '2012-II', '090224'),
('14817', 'IF410CIN', '2012-II', '090224'),
('10208', 'FI357AIN', '2012-II', '090225'),
('10397', 'ME360AIN', '2012-II', '090225'),
('13062', 'ME660AIN', '2012-II', '090225'),
('14769', 'IF422BIN', '2012-II', '090225'),
('16570', 'IF461AIN', '2012-II', '090225'),
('14992', 'ME766AIN', '2012-II', '090226'),
('16570', 'IF461AIN', '2012-II', '090226'),
('17428', 'IF411AIN', '2012-II', '090226'),
('80246', 'IF471AIN', '2012-II', '090226'),
('12596', 'IF403AIN', '2012-II', '090227'),
('13733', 'IF501AIN', '2012-II', '090227'),
('16441', 'ME252BIN', '2012-II', '090227'),
('16570', 'IF461AIN', '2012-II', '090227'),
('80037', 'CO152AIN', '2012-II', '090227'),
('10119', 'EC171AIN', '2012-II', '090228'),
('10363', 'LC154AIN', '2012-II', '090228'),
('10511', 'ME251AIN', '2012-II', '090228'),
('12240', 'FP179AIN', '2012-II', '090228'),
('13010', 'ME165BIN', '2012-II', '090228'),
('13226', 'IF421BIN', '2012-II', '090228'),
('10048', 'ME252AIN', '2012-II', '090229'),
('10208', 'FI357AIN', '2012-II', '090229'),
('13010', 'ME165BIN', '2012-II', '090229'),
('13226', 'IF408AIN', '2012-II', '090229'),
('14664', 'IF231AIN', '2012-II', '090229'),
('10234', 'IF420AIN', '2012-II', '090231'),
('13428', 'IF505AIN', '2012-II', '090231'),
('14002', 'IF406AIN', '2012-II', '090231'),
('14995', 'IF413BIN', '2012-II', '090231'),
('16441', 'ME252BIN', '2012-II', '090231'),
('80037', 'CO152AIN', '2012-II', '090231'),
('13522', 'AD153AIN', '2012-II', '090622'),
('14817', 'IF410CIN', '2012-II', '090622'),
('14986', 'FI264AIN', '2012-II', '090622'),
('16570', 'IF461AIN', '2012-II', '090622'),
('17098', 'ME253BIN', '2012-II', '090622'),
('80037', 'CO152AIN', '2012-II', '090622'),
('10571', 'FI261AIN', '2012-II', '090623'),
('12596', 'IF403AIN', '2012-II', '090623'),
('14817', 'IF411BIN', '2012-II', '090623'),
('16441', 'ME252BIN', '2012-II', '090623'),
('17092', 'IF404AIN', '2012-II', '090623'),
('80037', 'CO152AIN', '2012-II', '090623'),
('10048', 'ME252AIN', '2012-II', '090624'),
('10208', 'FI357AIN', '2012-II', '090624'),
('10397', 'ME360AIN', '2012-II', '090624'),
('12596', 'IF403AIN', '2012-II', '090624'),
('17092', 'IF404AIN', '2012-II', '090624'),
('17428', 'IF411AIN', '2012-II', '090624'),
('12004', 'IF412BIN', '2012-II', '090802'),
('13226', 'IF408AIN', '2012-II', '090802'),
('13733', 'IF501AIN', '2012-II', '090802'),
('14002', 'IF406AIN', '2012-II', '090802'),
('14664', 'IF231AIN', '2012-II', '090802'),
('16570', 'IF533AIN', '2012-II', '090802'),
('10208', 'FI357AIN', '2012-II', '090803'),
('12596', 'IF403AIN', '2012-II', '090803'),
('13062', 'ME660AIN', '2012-II', '090803'),
('16155', 'DE151AIN', '2012-II', '090803'),
('16570', 'IF461AIN', '2012-II', '090803'),
('17098', 'ME253BIN', '2012-II', '090803'),
('10326', 'FI264BIN', '2012-II', '090805'),
('12596', 'IF403AIN', '2012-II', '090805'),
('13010', 'ME165BIN', '2012-II', '090805'),
('13028', 'ME253AIN', '2012-II', '090805'),
('16570', 'IF461AIN', '2012-II', '090805'),
('10397', 'ME360AIN', '2012-II', '090806'),
('12596', 'IF403AIN', '2012-II', '090806'),
('13010', 'ME165BIN', '2012-II', '090806'),
('17098', 'ME253BIN', '2012-II', '090806'),
('80037', 'CO152AIN', '2012-II', '090806'),
('80246', 'IF411CIN', '2012-II', '090806'),
('13428', 'IF502AIN', '2012-II', '090807'),
('14664', 'IF202AIN', '2012-II', '090807'),
('14995', 'IF413BIN', '2012-II', '090807'),
('16570', 'IF301AIN', '2012-II', '090807'),
('16570', 'IF461AIN', '2012-II', '090807'),
('16570', 'IF533AIN', '2012-II', '090807'),
('12004', 'IF412BIN', '2012-II', '090809'),
('13226', 'IF408AIN', '2012-II', '090809'),
('13733', 'IF501AIN', '2012-II', '090809'),
('14664', 'IF231AIN', '2012-II', '090809'),
('14992', 'ME766AIN', '2012-II', '090809'),
('16570', 'IF533AIN', '2012-II', '090809'),
('10208', 'FI357AIN', '2012-II', '090810'),
('12596', 'IF403AIN', '2012-II', '090810'),
('14817', 'IF411BIN', '2012-II', '090810'),
('17092', 'IF404AIN', '2012-II', '090810'),
('17098', 'ME253BIN', '2012-II', '090810'),
('80037', 'CO152AIN', '2012-II', '090810'),
('80246', 'IF471AIN', '2012-II', '090810'),
('10208', 'FI357AIN', '2012-II', '090812'),
('12596', 'IF403AIN', '2012-II', '090812'),
('13028', 'ME253AIN', '2012-II', '090812'),
('14817', 'IF411BIN', '2012-II', '090812'),
('14986', 'FI264AIN', '2012-II', '090812'),
('17092', 'IF404AIN', '2012-II', '090812'),
('10363', 'LC154AIN', '2012-II', '091188'),
('12004', 'IF412BIN', '2012-II', '091188'),
('13733', 'IF501AIN', '2012-II', '091188'),
('14664', 'IF231AIN', '2012-II', '091188'),
('16570', 'IF533AIN', '2012-II', '091188'),
('17098', 'ME253BIN', '2012-II', '091188'),
('12004', 'IF412BIN', '2012-II', '091190'),
('13226', 'IF408AIN', '2012-II', '091190'),
('13733', 'IF501AIN', '2012-II', '091190'),
('14002', 'IF406AIN', '2012-II', '091190'),
('14664', 'IF231AIN', '2012-II', '091190'),
('14992', 'ME766AIN', '2012-II', '091190'),
('16570', 'IF533AIN', '2012-II', '091190'),
('13428', 'IF502AIN', '2012-II', '091191'),
('14664', 'IF202AIN', '2012-II', '091191'),
('14995', 'IF413BIN', '2012-II', '091191'),
('16570', 'IF301AIN', '2012-II', '091191'),
('16570', 'IF461AIN', '2012-II', '091191'),
('80037', 'CO152AIN', '2012-II', '091191'),
('13028', 'ME253AIN', '2012-II', '091192'),
('14002', 'IF406AIN', '2012-II', '091192'),
('14664', 'IF231AIN', '2012-II', '091192'),
('14995', 'IF413BIN', '2012-II', '091192'),
('13428', 'IF502AIN', '2012-II', '091194'),
('14664', 'IF202AIN', '2012-II', '091194'),
('14995', 'IF413BIN', '2012-II', '091194'),
('16570', 'IF301AIN', '2012-II', '091194'),
('16570', 'IF461AIN', '2012-II', '091194'),
('16570', 'IF533AIN', '2012-II', '091194'),
('12596', 'IF403AIN', '2012-II', '091358'),
('14992', 'ME766AIN', '2012-II', '091358'),
('16570', 'IF461AIN', '2012-II', '091358'),
('80037', 'CO152AIN', '2012-II', '091358'),
('80246', 'IF471AIN', '2012-II', '091358'),
('13226', 'IF408AIN', '2012-II', '091359'),
('13428', 'IF502AIN', '2012-II', '091359'),
('14664', 'IF202AIN', '2012-II', '091359'),
('14995', 'IF413BIN', '2012-II', '091359'),
('16570', 'IF301AIN', '2012-II', '091359'),
('16570', 'IF533AIN', '2012-II', '091359'),
('10397', 'ME360AIN', '2012-II', '091360'),
('12596', 'IF403AIN', '2012-II', '091360'),
('13010', 'ME165BIN', '2012-II', '091360'),
('14817', 'IF411BIN', '2012-II', '091360'),
('16441', 'ME252BIN', '2012-II', '091360'),
('17092', 'IF404AIN', '2012-II', '091360'),
('10208', 'FI357AIN', '2012-II', '091361'),
('12596', 'IF403AIN', '2012-II', '091361'),
('16155', 'DE151AIN', '2012-II', '091361'),
('16570', 'IF461AIN', '2012-II', '091361'),
('80037', 'CO152AIN', '2012-II', '091361'),
('10208', 'FI357AIN', '2012-II', '091362'),
('12596', 'IF403AIN', '2012-II', '091362'),
('16441', 'ME252BIN', '2012-II', '091362'),
('17092', 'IF404AIN', '2012-II', '091362'),
('80037', 'CO152AIN', '2012-II', '091362'),
('80246', 'IF411CIN', '2012-II', '091362'),
('13428', 'IF502AIN', '2012-II', '091363'),
('14664', 'IF202AIN', '2012-II', '091363'),
('14995', 'IF413BIN', '2012-II', '091363'),
('16570', 'IF301AIN', '2012-II', '091363'),
('16570', 'IF461AIN', '2012-II', '091363'),
('16570', 'IF533AIN', '2012-II', '091363'),
('80037', 'CO152AIN', '2012-II', '091363'),
('10363', 'LC154AIN', '2012-II', '091600'),
('13733', 'IF501AIN', '2012-II', '091600'),
('14769', 'IF422BIN', '2012-II', '091600'),
('14817', 'IF410CIN', '2012-II', '091600'),
('17098', 'ME253BIN', '2012-II', '091600'),
('80246', 'IF471AIN', '2012-II', '091600'),
('12004', 'IF412BIN', '2012-II', '091601'),
('13062', 'ME660AIN', '2012-II', '091601'),
('13733', 'IF501AIN', '2012-II', '091601'),
('14664', 'IF231AIN', '2012-II', '091601'),
('14992', 'ME766AIN', '2012-II', '091601'),
('16155', 'DE151AIN', '2012-II', '091601'),
('13062', 'ME660AIN', '2012-II', '091604'),
('13226', 'IF421BIN', '2012-II', '091604'),
('13735', 'FI261CIN', '2012-II', '091604'),
('16441', 'ME252BIN', '2012-II', '091604'),
('80051', 'ME305BIN', '2012-II', '091604'),
('10326', 'FI264BIN', '2012-II', '091605'),
('12004', 'IF412BIN', '2012-II', '091605'),
('13062', 'ME660AIN', '2012-II', '091605'),
('13226', 'IF408AIN', '2012-II', '091605'),
('13733', 'IF501AIN', '2012-II', '091605'),
('14664', 'IF231AIN', '2012-II', '091605'),
('10363', 'LC154AIN', '2012-II', '091606'),
('13062', 'ME660AIN', '2012-II', '091606'),
('13522', 'AD153AIN', '2012-II', '091606'),
('80051', 'ME305BIN', '2012-II', '091606'),
('10208', 'FI357AIN', '2012-II', '091607'),
('11203', 'IF412AIN', '2012-II', '091607'),
('13062', 'ME660AIN', '2012-II', '091607'),
('14664', 'IF231AIN', '2012-II', '091607'),
('16155', 'DE151AIN', '2012-II', '091607'),
('17098', 'ME253BIN', '2012-II', '091607'),
('10119', 'EC171AIN', '2012-II', '091608'),
('10397', 'ME359AIN', '2012-II', '091608'),
('10511', 'ME251AIN', '2012-II', '091608'),
('13735', 'FI261CIN', '2012-II', '091608'),
('14769', 'IF422BIN', '2012-II', '091608'),
('14817', 'IF410CIN', '2012-II', '091608'),
('10048', 'ME252AIN', '2012-II', '091609'),
('10397', 'ME360AIN', '2012-II', '091609'),
('10670', 'ME165AIN', '2012-II', '091609'),
('12596', 'IF403AIN', '2012-II', '091609'),
('17092', 'IF404AIN', '2012-II', '091609'),
('17428', 'IF411AIN', '2012-II', '091609'),
('10397', 'ME359AIN', '2012-II', '091610'),
('10511', 'ME251AIN', '2012-II', '091610'),
('13064', 'FI261BIN', '2012-II', '091610'),
('14769', 'IF422BIN', '2012-II', '091610'),
('14817', 'IF410CIN', '2012-II', '091610'),
('16155', 'DE151AIN', '2012-II', '091610'),
('13428', 'IF502AIN', '2012-II', '091611'),
('14664', 'IF202AIN', '2012-II', '091611'),
('14995', 'IF413BIN', '2012-II', '091611'),
('16570', 'IF301AIN', '2012-II', '091611'),
('16570', 'IF461AIN', '2012-II', '091611'),
('16570', 'IF533AIN', '2012-II', '091611'),
('10326', 'FI264BIN', '2012-II', '091612'),
('12596', 'IF403AIN', '2012-II', '091612'),
('13008', 'ME360BIN', '2012-II', '091612'),
('13028', 'ME253AIN', '2012-II', '091612'),
('13522', 'AD153AIN', '2012-II', '091612'),
('10397', 'ME360AIN', '2012-II', '091613'),
('10571', 'FI261AIN', '2012-II', '091613'),
('12240', 'FP179AIN', '2012-II', '091613'),
('13028', 'ME253AIN', '2012-II', '091613'),
('13225', 'IF422AIN', '2012-II', '091613'),
('14768', 'IF410AIN', '2012-II', '091613'),
('10511', 'ME251AIN', '2012-II', '091614'),
('12240', 'FP179AIN', '2012-II', '091614'),
('13735', 'FI261CIN', '2012-II', '091614'),
('14302', 'IF409DIN', '2012-II', '091614'),
('14768', 'IF421AIN', '2012-II', '091614'),
('80051', 'ME305BIN', '2012-II', '091614'),
('10208', 'FI357AIN', '2012-II', '091615'),
('13028', 'ME253AIN', '2012-II', '091615'),
('13225', 'IF422AIN', '2012-II', '091615'),
('14817', 'IF410CIN', '2012-II', '091615'),
('14992', 'ME766AIN', '2012-II', '091615'),
('12596', 'IF403AIN', '2012-II', '091616'),
('14986', 'FI264AIN', '2012-II', '091616'),
('14992', 'ME766AIN', '2012-II', '091616'),
('16441', 'ME252BIN', '2012-II', '091616'),
('16570', 'IF461AIN', '2012-II', '091616'),
('10511', 'ME251AIN', '2012-II', '091617'),
('12240', 'FP179AIN', '2012-II', '091617'),
('12596', 'IF403AIN', '2012-II', '091617'),
('13735', 'FI261CIN', '2012-II', '091617'),
('17092', 'IF404AIN', '2012-II', '091617'),
('17428', 'IF411AIN', '2012-II', '091617'),
('13428', 'IF502AIN', '2012-II', '091618'),
('14664', 'IF231AIN', '2012-II', '091618'),
('14992', 'ME766AIN', '2012-II', '091618'),
('16570', 'IF533AIN', '2012-II', '091618'),
('80246', 'IF471AIN', '2012-II', '091618'),
('10208', 'FI357AIN', '2012-II', '091619'),
('12596', 'IF403AIN', '2012-II', '091619'),
('16570', 'IF461AIN', '2012-II', '091619'),
('17092', 'IF404AIN', '2012-II', '091619'),
('80037', 'CO152AIN', '2012-II', '091619'),
('80246', 'IF411CIN', '2012-II', '091619'),
('80246', 'IF471AIN', '2012-II', '091619'),
('10397', 'ME360AIN', '2012-II', '091620'),
('10670', 'ME165AIN', '2012-II', '091620'),
('13062', 'ME251BIN', '2012-II', '091620'),
('13431', 'FI263AIN', '2012-II', '091620'),
('17428', 'IF411AIN', '2012-II', '091620'),
('80037', 'CO152AIN', '2012-II', '091620'),
('12596', 'IF403AIN', '2012-II', '091621'),
('13062', 'ME660AIN', '2012-II', '091621'),
('13064', 'FI261BIN', '2012-II', '091621'),
('14817', 'IF411BIN', '2012-II', '091621'),
('16441', 'ME252BIN', '2012-II', '091621'),
('17092', 'IF404AIN', '2012-II', '091621'),
('10397', 'ME360AIN', '2012-II', '091622'),
('10670', 'ME165AIN', '2012-II', '091622'),
('12459', 'IF101AIN', '2012-II', '091622'),
('13062', 'ME251BIN', '2012-II', '091622'),
('13735', 'FI261CIN', '2012-II', '091622'),
('10234', 'IF420AIN', '2012-II', '091623'),
('10670', 'ME165AIN', '2012-II', '091623'),
('13062', 'ME251BIN', '2012-II', '091623'),
('13431', 'FI263AIN', '2012-II', '091623'),
('80037', 'CO152AIN', '2012-II', '091623'),
('12004', 'IF412BIN', '2012-II', '091624'),
('13226', 'IF408AIN', '2012-II', '091624'),
('13733', 'IF501AIN', '2012-II', '091624'),
('14002', 'IF406AIN', '2012-II', '091624'),
('14664', 'IF231AIN', '2012-II', '091624'),
('16570', 'IF533AIN', '2012-II', '091624'),
('80037', 'CO152AIN', '2012-II', '091624'),
('10048', 'ME252AIN', '2012-II', '091626'),
('10208', 'FI357AIN', '2012-II', '091626'),
('13225', 'IF422AIN', '2012-II', '091626'),
('14768', 'IF410AIN', '2012-II', '091626'),
('80246', 'IF471AIN', '2012-II', '091626'),
('10119', 'EC171AIN', '2012-II', '091965'),
('14002', 'IF406AIN', '2012-II', '091965'),
('14664', 'IF231AIN', '2012-II', '091965'),
('16563', 'IF413AIN', '2012-II', '091965'),
('17098', 'ME253BIN', '2012-II', '091965'),
('80037', 'CO152AIN', '2012-II', '091965'),
('10397', 'ME360AIN', '2012-II', '093152'),
('11203', 'IF410BIN', '2012-II', '093152'),
('13225', 'IF422AIN', '2012-II', '093152'),
('14986', 'FI264AIN', '2012-II', '093152'),
('16155', 'DE151AIN', '2012-II', '093152'),
('16441', 'ME252BIN', '2012-II', '093152'),
('10234', 'IF420AIN', '2012-II', '093155'),
('11203', 'IF412AIN', '2012-II', '093155'),
('13733', 'IF501AIN', '2012-II', '093155'),
('17098', 'ME253BIN', '2012-II', '093155'),
('80037', 'CO152AIN', '2012-II', '093155'),
('80246', 'IF471AIN', '2012-II', '093155'),
('10048', 'ME252AIN', '2012-II', '093156'),
('10326', 'FI264BIN', '2012-II', '093156'),
('10397', 'ME359AIN', '2012-II', '093156'),
('11203', 'IF410BIN', '2012-II', '093156'),
('14769', 'IF422BIN', '2012-II', '093156'),
('80176', 'ED153AIN', '2012-II', '093156'),
('12240', 'FP179AIN', '2012-II', '093158'),
('12596', 'IF403AIN', '2012-II', '093158'),
('14992', 'ME766AIN', '2012-II', '093158'),
('17092', 'IF404AIN', '2012-II', '093158'),
('17098', 'ME253BIN', '2012-II', '093158'),
('80037', 'CO152AIN', '2012-II', '093158'),
('10208', 'FI357AIN', '2012-II', '093159'),
('10397', 'ME360AIN', '2012-II', '093159'),
('13028', 'ME253AIN', '2012-II', '093159'),
('13225', 'IF422AIN', '2012-II', '093159'),
('14768', 'IF410AIN', '2012-II', '093159'),
('16155', 'DE151AIN', '2012-II', '093159'),
('10363', 'LC154AIN', '2012-II', '093160'),
('10397', 'ME360AIN', '2012-II', '093160'),
('13028', 'ME253AIN', '2012-II', '093160'),
('14768', 'IF421AIN', '2012-II', '093160'),
('16155', 'DE151AIN', '2012-II', '093160'),
('10208', 'FI357AIN', '2012-II', '093161'),
('10363', 'LC154AIN', '2012-II', '093161'),
('12596', 'IF403AIN', '2012-II', '093161'),
('16155', 'DE151AIN', '2012-II', '093161'),
('16570', 'IF461AIN', '2012-II', '093161'),
('17092', 'IF404AIN', '2012-II', '093161'),
('80037', 'CO152AIN', '2012-II', '093161'),
('10048', 'ME252AIN', '2012-II', '093163'),
('10397', 'ME359AIN', '2012-II', '093163'),
('13064', 'FI261BIN', '2012-II', '093163'),
('13226', 'IF421BIN', '2012-II', '093163'),
('14302', 'IF409DIN', '2012-II', '093163'),
('16155', 'DE151AIN', '2012-II', '093163'),
('10208', 'FI357AIN', '2012-II', '093164'),
('10397', 'ME359AIN', '2012-II', '093164'),
('13062', 'ME251BIN', '2012-II', '093164'),
('14768', 'IF410AIN', '2012-II', '093164'),
('14986', 'FI264AIN', '2012-II', '093164'),
('80037', 'CO152AIN', '2012-II', '093164'),
('13062', 'ME660AIN', '2012-II', '093166'),
('13225', 'IF422AIN', '2012-II', '093166'),
('14817', 'IF410CIN', '2012-II', '093166'),
('14986', 'FI264AIN', '2012-II', '093166'),
('14992', 'ME766AIN', '2012-II', '093166'),
('16570', 'IF461AIN', '2012-II', '093166'),
('10397', 'ME360AIN', '2012-II', '093167'),
('13428', 'IF502AIN', '2012-II', '093167'),
('14769', 'IF422BIN', '2012-II', '093167'),
('14817', 'IF410CIN', '2012-II', '093167'),
('10363', 'LC154AIN', '2012-II', '093169'),
('10397', 'ME359AIN', '2012-II', '093169'),
('10511', 'ME251AIN', '2012-II', '093169'),
('13064', 'FI261BIN', '2012-II', '093169'),
('13226', 'IF421BIN', '2012-II', '093169'),
('14302', 'IF409DIN', '2012-II', '093169'),
('10119', 'EC171AIN', '2012-II', '093170'),
('10397', 'ME359AIN', '2012-II', '093170'),
('13225', 'IF422AIN', '2012-II', '093170'),
('13431', 'FI263AIN', '2012-II', '093170'),
('14817', 'IF410CIN', '2012-II', '093170'),
('16441', 'ME252BIN', '2012-II', '093170'),
('12240', 'FP179AIN', '2012-II', '093172'),
('13062', 'ME251BIN', '2012-II', '093172'),
('13064', 'FI261BIN', '2012-II', '093172'),
('13226', 'IF421BIN', '2012-II', '093172'),
('14768', 'IF409BIN', '2012-II', '093172'),
('80051', 'ME305BIN', '2012-II', '093172'),
('10397', 'ME359AIN', '2012-II', '093175'),
('10511', 'ME251AIN', '2012-II', '093175'),
('10670', 'ME165AIN', '2012-II', '093175'),
('12459', 'IF101AIN', '2012-II', '093175'),
('13735', 'FI261CIN', '2012-II', '093175'),
('10326', 'FI264BIN', '2012-II', '093176'),
('11203', 'IF410BIN', '2012-II', '093176'),
('13522', 'AD153AIN', '2012-II', '093176'),
('14769', 'IF422BIN', '2012-II', '093176'),
('16155', 'DE151AIN', '2012-II', '093176'),
('17098', 'ME253BIN', '2012-II', '093176'),
('10511', 'ME251AIN', '2012-II', '093178'),
('10670', 'ME165AIN', '2012-II', '093178'),
('13226', 'IF421BIN', '2012-II', '093178'),
('16155', 'DE151AIN', '2012-II', '093178'),
('80051', 'ME305BIN', '2012-II', '093178'),
('11203', 'IF412AIN', '2012-II', '093179'),
('13226', 'IF408AIN', '2012-II', '093179'),
('13733', 'IF501AIN', '2012-II', '093179'),
('14002', 'IF406AIN', '2012-II', '093179'),
('14664', 'IF231AIN', '2012-II', '093179'),
('16570', 'IF533AIN', '2012-II', '093179'),
('10208', 'FI357AIN', '2012-II', '093180'),
('13225', 'IF422AIN', '2012-II', '093180'),
('14768', 'IF410AIN', '2012-II', '093180'),
('14986', 'FI264AIN', '2012-II', '093180'),
('16570', 'IF461AIN', '2012-II', '093180'),
('80246', 'IF471AIN', '2012-II', '093180'),
('11203', 'IF410BIN', '2012-II', '093181'),
('13062', 'ME660AIN', '2012-II', '093181'),
('14986', 'FI264AIN', '2012-II', '093181'),
('14992', 'ME766AIN', '2012-II', '093181'),
('16570', 'IF461AIN', '2012-II', '093181'),
('17098', 'ME253BIN', '2012-II', '093181'),
('10208', 'FI357AIN', '2012-II', '093182'),
('12596', 'IF403AIN', '2012-II', '093182'),
('13062', 'ME660AIN', '2012-II', '093182'),
('14986', 'FI264AIN', '2012-II', '093182'),
('16570', 'IF461AIN', '2012-II', '093182'),
('17092', 'IF404AIN', '2012-II', '093182'),
('13062', 'ME660AIN', '2012-II', '093183'),
('13064', 'FI261BIN', '2012-II', '093183'),
('13225', 'IF422AIN', '2012-II', '093183'),
('17098', 'ME253BIN', '2012-II', '093183'),
('10397', 'ME360AIN', '2012-II', '093184'),
('11203', 'IF410BIN', '2012-II', '093184'),
('13028', 'ME253AIN', '2012-II', '093184'),
('13225', 'IF422AIN', '2012-II', '093184'),
('14986', 'FI264AIN', '2012-II', '093184'),
('12596', 'IF403AIN', '2012-II', '093187'),
('14817', 'IF411BIN', '2012-II', '093187'),
('14986', 'FI264AIN', '2012-II', '093187'),
('14992', 'ME766AIN', '2012-II', '093187'),
('17092', 'IF404AIN', '2012-II', '093187'),
('17098', 'ME253BIN', '2012-II', '093187'),
('12596', 'IF403AIN', '2012-II', '093188'),
('13431', 'FI263AIN', '2012-II', '093188'),
('14817', 'IF411BIN', '2012-II', '093188'),
('16441', 'ME252BIN', '2012-II', '093188'),
('17092', 'IF404AIN', '2012-II', '093188'),
('80037', 'CO152AIN', '2012-II', '093188'),
('10397', 'ME359AIN', '2012-II', '093189'),
('10511', 'ME251AIN', '2012-II', '093189'),
('13064', 'FI261BIN', '2012-II', '093189'),
('13226', 'IF421BIN', '2012-II', '093189'),
('10208', 'FI357AIN', '2012-II', '093190'),
('12596', 'IF403AIN', '2012-II', '093190'),
('13028', 'ME253AIN', '2012-II', '093190'),
('14817', 'IF411BIN', '2012-II', '093190'),
('16155', 'DE151AIN', '2012-II', '093190'),
('17092', 'IF404AIN', '2012-II', '093190'),
('10397', 'ME359AIN', '2012-II', '093191'),
('10511', 'ME251AIN', '2012-II', '093191'),
('10670', 'ME165AIN', '2012-II', '093191'),
('13064', 'FI261BIN', '2012-II', '093191'),
('13226', 'IF421BIN', '2012-II', '093191'),
('10208', 'FI357AIN', '2012-II', '093192'),
('12596', 'IF403AIN', '2012-II', '093192'),
('13028', 'ME253AIN', '2012-II', '093192'),
('14817', 'IF411BIN', '2012-II', '093192'),
('16155', 'DE151AIN', '2012-II', '093192'),
('17092', 'IF404AIN', '2012-II', '093192'),
('10208', 'FI357AIN', '2012-II', '093193'),
('12596', 'IF403AIN', '2012-II', '093193'),
('13062', 'ME660AIN', '2012-II', '093193'),
('14986', 'FI264AIN', '2012-II', '093193'),
('16570', 'IF461AIN', '2012-II', '093193'),
('17092', 'IF404AIN', '2012-II', '093193'),
('10208', 'FI357AIN', '2012-II', '093194'),
('12596', 'IF403AIN', '2012-II', '093194'),
('17092', 'IF404AIN', '2012-II', '093194'),
('17428', 'IF411AIN', '2012-II', '093194'),
('80037', 'CO152AIN', '2012-II', '093194'),
('80246', 'IF471AIN', '2012-II', '093194'),
('11203', 'IF412AIN', '2012-II', '093195'),
('13062', 'ME660AIN', '2012-II', '093195'),
('13522', 'AD153AIN', '2012-II', '093195'),
('14664', 'IF231AIN', '2012-II', '093195'),
('16155', 'DE151AIN', '2012-II', '093195'),
('17098', 'ME253BIN', '2012-II', '093195'),
('10397', 'ME360AIN', '2012-II', '093860'),
('12004', 'IF412BIN', '2012-II', '093860'),
('13431', 'FI263AIN', '2012-II', '093860'),
('16570', 'IF533AIN', '2012-II', '093860'),
('17092', 'IF404AIN', '2012-II', '093860'),
('17098', 'ME253BIN', '2012-II', '093860'),
('11203', 'IF410BIN', '2012-II', '094303'),
('13008', 'ME360BIN', '2012-II', '094303'),
('13225', 'IF422AIN', '2012-II', '094303'),
('13431', 'FI263AIN', '2012-II', '094303'),
('16570', 'IF461AIN', '2012-II', '094303'),
('80246', 'IF471AIN', '2012-II', '094303'),
('10397', 'ME360AIN', '2012-II', '100031'),
('12240', 'FP179AIN', '2012-II', '100031'),
('12596', 'IF403AIN', '2012-II', '100031'),
('14817', 'IF302AIN', '2012-II', '100031'),
('17428', 'IF411AIN', '2012-II', '100031'),
('10208', 'FI357AIN', '2012-II', '100124'),
('12596', 'IF403AIN', '2012-II', '100124'),
('13028', 'ME253AIN', '2012-II', '100124'),
('14986', 'FI264AIN', '2012-II', '100124'),
('17092', 'IF404AIN', '2012-II', '100124'),
('17428', 'IF411AIN', '2012-II', '100124'),
('10397', 'ME359AIN', '2012-II', '100125'),
('10511', 'ME251AIN', '2012-II', '100125'),
('13225', 'IF422AIN', '2012-II', '100125'),
('13522', 'AD153AIN', '2012-II', '100125'),
('14768', 'IF410AIN', '2012-II', '100125'),
('16155', 'DE151AIN', '2012-II', '100125'),
('10511', 'ME251AIN', '2012-II', '100126'),
('12240', 'FP179AIN', '2012-II', '100126'),
('13008', 'ME360BIN', '2012-II', '100126'),
('14768', 'IF410AIN', '2012-II', '100126'),
('14769', 'IF422BIN', '2012-II', '100126'),
('16155', 'DE151AIN', '2012-II', '100126'),
('10208', 'FI357AIN', '2012-II', '100258'),
('12596', 'IF403AIN', '2012-II', '100258'),
('13062', 'ME660AIN', '2012-II', '100258'),
('14817', 'IF411BIN', '2012-II', '100258'),
('17092', 'IF404AIN', '2012-II', '100258'),
('10119', 'EC171AIN', '2012-II', '100259'),
('10397', 'ME360AIN', '2012-II', '100259'),
('12240', 'FP179AIN', '2012-II', '100259'),
('13062', 'ME251BIN', '2012-II', '100259'),
('13225', 'IF422AIN', '2012-II', '100259'),
('14817', 'IF410CIN', '2012-II', '100259'),
('10511', 'ME251AIN', '2012-II', '100260'),
('10571', 'FI261AIN', '2012-II', '100260'),
('10670', 'ME165AIN', '2012-II', '100260'),
('11849', 'IF409CIN', '2012-II', '100260'),
('12240', 'FP179AIN', '2012-II', '100260'),
('10048', 'ME252AIN', '2012-II', '100261'),
('12596', 'IF403AIN', '2012-II', '100261'),
('13064', 'FI261BIN', '2012-II', '100261'),
('13522', 'AD153AIN', '2012-II', '100261'),
('14817', 'IF411BIN', '2012-II', '100261'),
('17092', 'IF404AIN', '2012-II', '100261'),
('10397', 'ME359AIN', '2012-II', '100262'),
('13064', 'FI261BIN', '2012-II', '100262'),
('14769', 'IF422BIN', '2012-II', '100262'),
('14817', 'IF410CIN', '2012-II', '100262'),
('16155', 'DE151AIN', '2012-II', '100262'),
('16441', 'ME252BIN', '2012-II', '100262'),
('10208', 'FI357AIN', '2012-II', '100263'),
('12596', 'IF403AIN', '2012-II', '100263'),
('13062', 'ME660AIN', '2012-II', '100263'),
('14817', 'IF411BIN', '2012-II', '100263'),
('17092', 'IF404AIN', '2012-II', '100263'),
('17098', 'ME253BIN', '2012-II', '100263'),
('10208', 'FI357AIN', '2012-II', '100504'),
('12596', 'IF403AIN', '2012-II', '100504'),
('13028', 'ME253AIN', '2012-II', '100504'),
('16155', 'DE151AIN', '2012-II', '100504'),
('17092', 'IF404AIN', '2012-II', '100504'),
('17428', 'IF411AIN', '2012-II', '100504'),
('10208', 'FI357AIN', '2012-II', '100505'),
('10397', 'ME359AIN', '2012-II', '100505'),
('13028', 'ME253AIN', '2012-II', '100505'),
('13225', 'IF422AIN', '2012-II', '100505'),
('14986', 'FI264AIN', '2012-II', '100505'),
('13008', 'ME360BIN', '2012-II', '100506'),
('13010', 'ME165BIN', '2012-II', '100506'),
('14768', 'IF410AIN', '2012-II', '100506'),
('14769', 'IF422BIN', '2012-II', '100506'),
('16155', 'DE151AIN', '2012-II', '100506'),
('16441', 'ME252BIN', '2012-II', '100506'),
('10048', 'ME252AIN', '2012-II', '100508'),
('10326', 'FI264BIN', '2012-II', '100508'),
('10397', 'ME360AIN', '2012-II', '100508'),
('14768', 'IF410AIN', '2012-II', '100508'),
('14769', 'IF422BIN', '2012-II', '100508'),
('10119', 'EC171AIN', '2012-II', '100509'),
('10511', 'ME251AIN', '2012-II', '100509'),
('10571', 'FI261AIN', '2012-II', '100509'),
('11849', 'IF409CIN', '2012-II', '100509'),
('12240', 'FP179AIN', '2012-II', '100509'),
('14768', 'IF421AIN', '2012-II', '100509'),
('10208', 'FI357AIN', '2012-II', '100510'),
('12240', 'FP179AIN', '2012-II', '100510'),
('13062', 'ME660AIN', '2012-II', '100510'),
('13225', 'IF422AIN', '2012-II', '100510'),
('17098', 'ME253BIN', '2012-II', '100510'),
('10048', 'ME252AIN', '2012-II', '100511'),
('10397', 'ME360AIN', '2012-II', '100511'),
('12240', 'FP179AIN', '2012-II', '100511'),
('13064', 'FI261BIN', '2012-II', '100511'),
('13226', 'IF421BIN', '2012-II', '100511'),
('14768', 'IF409BIN', '2012-II', '100511'),
('10208', 'FI357AIN', '2012-II', '100512'),
('11203', 'IF410BIN', '2012-II', '100512'),
('12240', 'FP179AIN', '2012-II', '100512'),
('13225', 'IF422AIN', '2012-II', '100512'),
('14986', 'FI264AIN', '2012-II', '100512'),
('17098', 'ME253BIN', '2012-II', '100512'),
('10397', 'ME359AIN', '2012-II', '100513'),
('12240', 'FP179AIN', '2012-II', '100513'),
('13225', 'IF422AIN', '2012-II', '100513'),
('13431', 'FI263AIN', '2012-II', '100513'),
('14768', 'IF410AIN', '2012-II', '100513'),
('16441', 'ME252BIN', '2012-II', '100513'),
('10511', 'ME251AIN', '2012-II', '100516'),
('12240', 'FP179AIN', '2012-II', '100516'),
('13226', 'IF421BIN', '2012-II', '100516'),
('13522', 'AD153AIN', '2012-II', '100516'),
('13735', 'FI261CIN', '2012-II', '100516'),
('16155', 'DE151AIN', '2012-II', '100516'),
('10048', 'ME252AIN', '2012-II', '100517'),
('10119', 'EC171AIN', '2012-II', '100517'),
('13008', 'ME360BIN', '2012-II', '100517'),
('13226', 'IF421BIN', '2012-II', '100517'),
('13431', 'FI263AIN', '2012-II', '100517'),
('16155', 'DE151AIN', '2012-II', '100517'),
('10397', 'ME359AIN', '2012-II', '100518'),
('13010', 'ME165BIN', '2012-II', '100518'),
('13028', 'ME253AIN', '2012-II', '100518'),
('13064', 'FI261BIN', '2012-II', '100518'),
('13522', 'AD153AIN', '2012-II', '100518'),
('10397', 'ME359AIN', '2012-II', '100520'),
('10511', 'ME251AIN', '2012-II', '100520'),
('13522', 'AD153AIN', '2012-II', '100520'),
('13735', 'FI261CIN', '2012-II', '100520'),
('14768', 'IF421AIN', '2012-II', '100520'),
('10048', 'ME252AIN', '2012-II', '100521'),
('10397', 'ME360AIN', '2012-II', '100521'),
('12240', 'FP179AIN', '2012-II', '100521'),
('13064', 'FI261BIN', '2012-II', '100521'),
('13225', 'IF422AIN', '2012-II', '100521'),
('14768', 'IF410AIN', '2012-II', '100521'),
('10208', 'FI357AIN', '2012-II', '100522'),
('11203', 'IF410BIN', '2012-II', '100522'),
('13062', 'ME660AIN', '2012-II', '100522'),
('14769', 'IF422BIN', '2012-II', '100522'),
('16155', 'DE151AIN', '2012-II', '100522'),
('17098', 'ME253BIN', '2012-II', '100522'),
('10397', 'ME360AIN', '2012-II', '100523'),
('10511', 'ME251AIN', '2012-II', '100523'),
('13064', 'FI261BIN', '2012-II', '100523'),
('14768', 'IF410AIN', '2012-II', '100523'),
('80037', 'CO152AIN', '2012-II', '100523'),
('10048', 'ME252AIN', '2012-II', '100524'),
('10208', 'FI357AIN', '2012-II', '100524'),
('12240', 'FP179AIN', '2012-II', '100524'),
('13225', 'IF422AIN', '2012-II', '100524'),
('14768', 'IF410AIN', '2012-II', '100524'),
('14986', 'FI264AIN', '2012-II', '100524'),
('10511', 'ME251AIN', '2012-II', '101027'),
('12240', 'FP179AIN', '2012-II', '101027'),
('12459', 'IF101AIN', '2012-II', '101027'),
('13008', 'ME360BIN', '2012-II', '101027'),
('13735', 'FI261CIN', '2012-II', '101027'),
('10208', 'FI357AIN', '2012-II', '101030'),
('12240', 'FP179AIN', '2012-II', '101030'),
('13062', 'ME660AIN', '2012-II', '101030'),
('13225', 'IF422AIN', '2012-II', '101030'),
('16155', 'DE151AIN', '2012-II', '101030'),
('17098', 'ME253BIN', '2012-II', '101030'),
('10397', 'ME360AIN', '2012-II', '101033'),
('13062', 'ME660AIN', '2012-II', '101033'),
('13431', 'FI263AIN', '2012-II', '101033'),
('14769', 'IF422BIN', '2012-II', '101033'),
('16441', 'ME252BIN', '2012-II', '101033'),
('10326', 'FI264BIN', '2012-II', '101036'),
('12596', 'IF403AIN', '2012-II', '101036'),
('13008', 'ME360BIN', '2012-II', '101036'),
('14817', 'IF411BIN', '2012-II', '101036'),
('16441', 'ME252BIN', '2012-II', '101036'),
('17092', 'IF404AIN', '2012-II', '101036'),
('10511', 'ME251AIN', '2012-II', '101037'),
('10670', 'ME165AIN', '2012-II', '101037'),
('12240', 'FP179AIN', '2012-II', '101037'),
('13735', 'FI261CIN', '2012-II', '101037'),
('14769', 'IF422BIN', '2012-II', '101037'),
('14817', 'IF410CIN', '2012-II', '101037'),
('10208', 'FI357AIN', '2012-II', '101038'),
('11203', 'IF410BIN', '2012-II', '101038'),
('13062', 'ME660AIN', '2012-II', '101038'),
('14769', 'IF422BIN', '2012-II', '101038'),
('16155', 'DE151AIN', '2012-II', '101038'),
('16441', 'ME252BIN', '2012-II', '101038'),
('12240', 'FP179AIN', '2012-II', '101039'),
('13225', 'IF422AIN', '2012-II', '101039'),
('13522', 'AD153AIN', '2012-II', '101039'),
('14817', 'IF410CIN', '2012-II', '101039'),
('10326', 'FI264BIN', '2012-II', '101454'),
('12596', 'IF403AIN', '2012-II', '101454'),
('13008', 'ME360BIN', '2012-II', '101454'),
('16441', 'ME252BIN', '2012-II', '101454'),
('17092', 'IF404AIN', '2012-II', '101454'),
('80246', 'IF411CIN', '2012-II', '101454'),
('10208', 'FI357AIN', '2012-II', '101457'),
('12596', 'IF403AIN', '2012-II', '101457'),
('13028', 'ME253AIN', '2012-II', '101457'),
('17092', 'IF404AIN', '2012-II', '101457'),
('17428', 'IF411AIN', '2012-II', '101457'),
('80246', 'IF471AIN', '2012-II', '101457'),
('10511', 'ME251AIN', '2012-II', '101458'),
('12459', 'IF101AIN', '2012-II', '101458'),
('13008', 'ME360BIN', '2012-II', '101458'),
('13522', 'AD153AIN', '2012-II', '101458'),
('13735', 'FI261CIN', '2012-II', '101458'),
('10511', 'ME251AIN', '2012-II', '101654'),
('13010', 'ME165BIN', '2012-II', '101654'),
('13522', 'AD153AIN', '2012-II', '101654'),
('14768', 'IF421AIN', '2012-II', '101654'),
('80051', 'ME305BIN', '2012-II', '101654'),
('10048', 'ME252AIN', '2012-II', '101655'),
('12596', 'IF403AIN', '2012-II', '101655'),
('13522', 'AD153AIN', '2012-II', '101655'),
('14817', 'IF411BIN', '2012-II', '101655'),
('14986', 'FI264AIN', '2012-II', '101655'),
('17092', 'IF404AIN', '2012-II', '101655'),
('10119', 'EC171AIN', '2012-II', '101656'),
('10208', 'FI357AIN', '2012-II', '101656'),
('10397', 'ME359AIN', '2012-II', '101656'),
('13062', 'ME251BIN', '2012-II', '101656'),
('13226', 'IF421BIN', '2012-II', '101656'),
('16155', 'DE151AIN', '2012-II', '101656'),
('10208', 'FI357AIN', '2012-II', '101657'),
('12596', 'IF403AIN', '2012-II', '101657'),
('13028', 'ME253AIN', '2012-II', '101657'),
('17092', 'IF404AIN', '2012-II', '101657'),
('17428', 'IF411AIN', '2012-II', '101657'),
('80246', 'IF471AIN', '2012-II', '101657'),
('10048', 'ME252AIN', '2012-II', '101658'),
('10397', 'ME359AIN', '2012-II', '101658'),
('13431', 'FI263AIN', '2012-II', '101658'),
('14768', 'IF410AIN', '2012-II', '101658'),
('14769', 'IF422BIN', '2012-II', '101658'),
('10397', 'ME360AIN', '2012-II', '101659'),
('12240', 'FP179AIN', '2012-II', '101659'),
('13062', 'ME660AIN', '2012-II', '101659'),
('13064', 'FI261BIN', '2012-II', '101659'),
('14768', 'IF410AIN', '2012-II', '101659'),
('16441', 'ME252BIN', '2012-II', '101659'),
('10397', 'ME359AIN', '2012-II', '101661'),
('13010', 'ME165BIN', '2012-II', '101661'),
('13064', 'FI261BIN', '2012-II', '101661'),
('14302', 'IF409DIN', '2012-II', '101661'),
('14768', 'IF421AIN', '2012-II', '101661'),
('17095', 'ME164AIN', '2012-II', '101661'),
('10208', 'FI357AIN', '2012-II', '101662'),
('10397', 'ME359AIN', '2012-II', '101662'),
('13225', 'IF422AIN', '2012-II', '101662'),
('14768', 'IF410AIN', '2012-II', '101662'),
('16441', 'ME252BIN', '2012-II', '101662'),
('10397', 'ME359AIN', '2012-II', '101663'),
('10511', 'ME251AIN', '2012-II', '101663'),
('13064', 'FI261BIN', '2012-II', '101663'),
('13522', 'AD153AIN', '2012-II', '101663'),
('14768', 'IF421AIN', '2012-II', '101663'),
('10397', 'ME359AIN', '2012-II', '101664'),
('10511', 'ME251AIN', '2012-II', '101664'),
('12240', 'FP179AIN', '2012-II', '101664'),
('13226', 'IF421BIN', '2012-II', '101664'),
('13431', 'FI263AIN', '2012-II', '101664'),
('14768', 'IF409BIN', '2012-II', '101664'),
('12240', 'FP179AIN', '2012-II', '101666'),
('13008', 'ME360BIN', '2012-II', '101666'),
('13062', 'ME251BIN', '2012-II', '101666'),
('13226', 'IF421BIN', '2012-II', '101666'),
('13431', 'FI263AIN', '2012-II', '101666'),
('16155', 'DE151AIN', '2012-II', '101666'),
('10048', 'ME252AIN', '2012-II', '101667'),
('12596', 'IF403AIN', '2012-II', '101667'),
('13431', 'FI263AIN', '2012-II', '101667'),
('13522', 'AD153AIN', '2012-II', '101667'),
('14817', 'IF411BIN', '2012-II', '101667'),
('17092', 'IF404AIN', '2012-II', '101667'),
('10511', 'ME251AIN', '2012-II', '103159'),
('10670', 'ME165AIN', '2012-II', '103159'),
('12240', 'FP179AIN', '2012-II', '103159'),
('13735', 'FI261CIN', '2012-II', '103159'),
('14768', 'IF409BIN', '2012-II', '103159'),
('14768', 'IF421AIN', '2012-II', '103159'),
('10119', 'EC171AIN', '2012-II', '103161'),
('10397', 'ME359AIN', '2012-II', '103161'),
('10511', 'ME251AIN', '2012-II', '103161'),
('13064', 'FI261BIN', '2012-II', '103161'),
('13226', 'IF421BIN', '2012-II', '103161'),
('14302', 'IF409DIN', '2012-II', '103161'),
('10048', 'ME252AIN', '2012-II', '103162'),
('11849', 'IF409CIN', '2012-II', '103162'),
('12240', 'FP179AIN', '2012-II', '103162'),
('13008', 'ME360BIN', '2012-II', '103162'),
('13735', 'FI261CIN', '2012-II', '103162'),
('14768', 'IF421AIN', '2012-II', '103162'),
('10397', 'ME359AIN', '2012-II', '103163'),
('10511', 'ME251AIN', '2012-II', '103163'),
('10571', 'FI261AIN', '2012-II', '103163'),
('12240', 'FP179AIN', '2012-II', '103163'),
('12459', 'IF101AIN', '2012-II', '103163'),
('10048', 'ME252AIN', '2012-II', '103164'),
('10397', 'ME359AIN', '2012-II', '103164'),
('10571', 'FI261AIN', '2012-II', '103164'),
('12240', 'FP179AIN', '2012-II', '103164'),
('12459', 'IF101AIN', '2012-II', '103164'),
('16155', 'DE151AIN', '2012-II', '103164'),
('10397', 'ME359AIN', '2012-II', '103165'),
('10511', 'ME251AIN', '2012-II', '103165'),
('11849', 'IF409CIN', '2012-II', '103165'),
('13226', 'IF421BIN', '2012-II', '103165'),
('13735', 'FI261CIN', '2012-II', '103165'),
('10397', 'ME359AIN', '2012-II', '103166'),
('10511', 'ME251AIN', '2012-II', '103166'),
('12240', 'FP179AIN', '2012-II', '103166'),
('13064', 'FI261BIN', '2012-II', '103166'),
('13226', 'IF421BIN', '2012-II', '103166'),
('14768', 'IF409BIN', '2012-II', '103166'),
('10397', 'ME359AIN', '2012-II', '103167'),
('10571', 'FI261AIN', '2012-II', '103167'),
('13010', 'ME165BIN', '2012-II', '103167'),
('14768', 'IF409BIN', '2012-II', '103167'),
('14768', 'IF421AIN', '2012-II', '103167'),
('17095', 'ME164AIN', '2012-II', '103167'),
('10119', 'EC171AIN', '2012-II', '103169'),
('10397', 'ME359AIN', '2012-II', '103169'),
('11849', 'IF409CIN', '2012-II', '103169'),
('13226', 'IF421BIN', '2012-II', '103169'),
('13431', 'FI263AIN', '2012-II', '103169'),
('17098', 'ME253BIN', '2012-II', '103169'),
('10119', 'EC171AIN', '2012-II', '103170'),
('10397', 'ME359AIN', '2012-II', '103170'),
('10511', 'ME251AIN', '2012-II', '103170'),
('13735', 'FI261CIN', '2012-II', '103170'),
('14302', 'IF409DIN', '2012-II', '103170'),
('14768', 'IF421AIN', '2012-II', '103170'),
('10397', 'ME359AIN', '2012-II', '103171'),
('10670', 'ME165AIN', '2012-II', '103171'),
('13062', 'ME251BIN', '2012-II', '103171'),
('13064', 'FI261BIN', '2012-II', '103171'),
('13226', 'IF421BIN', '2012-II', '103171'),
('11203', 'IF410BIN', '2012-II', '103173'),
('12240', 'FP179AIN', '2012-II', '103173'),
('13225', 'IF422AIN', '2012-II', '103173'),
('13431', 'FI263AIN', '2012-II', '103173'),
('14992', 'ME766AIN', '2012-II', '103173'),
('17098', 'ME253BIN', '2012-II', '103173'),
('10397', 'ME360AIN', '2012-II', '103174'),
('11203', 'IF410BIN', '2012-II', '103174'),
('13028', 'ME253AIN', '2012-II', '103174'),
('13225', 'IF422AIN', '2012-II', '103174'),
('13431', 'FI263AIN', '2012-II', '103174'),
('10397', 'ME360AIN', '2012-II', '103176'),
('12240', 'FP179AIN', '2012-II', '103176'),
('13062', 'ME251BIN', '2012-II', '103176'),
('13064', 'FI261BIN', '2012-II', '103176'),
('13226', 'IF421BIN', '2012-II', '103176'),
('14302', 'IF409DIN', '2012-II', '103176'),
('10119', 'EC171AIN', '2012-II', '103177'),
('10326', 'FI264BIN', '2012-II', '103177'),
('10397', 'ME360AIN', '2012-II', '103177'),
('13062', 'ME660AIN', '2012-II', '103177'),
('14769', 'IF422BIN', '2012-II', '103177'),
('14817', 'IF410CIN', '2012-II', '103177'),
('17098', 'ME253BIN', '2012-II', '103177'),
('10397', 'ME360AIN', '2012-II', '103178'),
('10511', 'ME251AIN', '2012-II', '103178'),
('12240', 'FP179AIN', '2012-II', '103178'),
('13226', 'IF421BIN', '2012-II', '103178'),
('13431', 'FI263AIN', '2012-II', '103178'),
('16155', 'DE151AIN', '2012-II', '103178'),
('10571', 'FI261AIN', '2012-II', '103179'),
('11849', 'IF409CIN', '2012-II', '103179'),
('12240', 'FP179AIN', '2012-II', '103179'),
('13062', 'ME251BIN', '2012-II', '103179'),
('14768', 'IF421AIN', '2012-II', '103179'),
('80051', 'ME305BIN', '2012-II', '103179'),
('10397', 'ME359AIN', '2012-II', '103180'),
('10511', 'ME251AIN', '2012-II', '103180'),
('12240', 'FP179AIN', '2012-II', '103180'),
('13226', 'IF421BIN', '2012-II', '103180'),
('13735', 'FI261CIN', '2012-II', '103180'),
('14302', 'IF409DIN', '2012-II', '103180'),
('12240', 'FP179AIN', '2012-II', '103181'),
('12459', 'IF101AIN', '2012-II', '103181'),
('13010', 'ME165BIN', '2012-II', '103181'),
('17095', 'ME164AIN', '2012-II', '103181'),
('80051', 'ME305BIN', '2012-II', '103181'),
('10119', 'EC171AIN', '2012-II', '103637'),
('13062', 'ME251BIN', '2012-II', '103637'),
('13226', 'IF421BIN', '2012-II', '103637'),
('13735', 'FI261CIN', '2012-II', '103637'),
('14302', 'IF409DIN', '2012-II', '103637'),
('14992', 'ME766AIN', '2012-II', '103637'),
('10363', 'LC154AIN', '2012-II', '103638'),
('12240', 'FP179AIN', '2012-II', '103638'),
('12459', 'IF101AIN', '2012-II', '103638'),
('13522', 'AD153AIN', '2012-II', '103638'),
('17095', 'ME164AIN', '2012-II', '103638'),
('80051', 'ME305BIN', '2012-II', '103638'),
('10199', 'IF409AIN', '2012-II', '103640'),
('10397', 'ME359AIN', '2012-II', '103640'),
('10511', 'ME251AIN', '2012-II', '103640'),
('13735', 'FI261CIN', '2012-II', '103640'),
('14768', 'IF421AIN', '2012-II', '103640'),
('16155', 'DE151AIN', '2012-II', '103640'),
('10397', 'ME359AIN', '2012-II', '103641'),
('13064', 'FI261BIN', '2012-II', '103641'),
('13226', 'IF421BIN', '2012-II', '103641'),
('13522', 'AD153AIN', '2012-II', '103641'),
('16441', 'ME252BIN', '2012-II', '103641'),
('10048', 'ME252AIN', '2012-II', '103642'),
('10397', 'ME360AIN', '2012-II', '103642'),
('11203', 'IF410BIN', '2012-II', '103642'),
('12240', 'FP179AIN', '2012-II', '103642'),
('13225', 'IF422AIN', '2012-II', '103642'),
('14986', 'FI264AIN', '2012-II', '103642'),
('10119', 'EC171AIN', '2012-II', '103643'),
('12240', 'FP179AIN', '2012-II', '103643'),
('12459', 'IF101AIN', '2012-II', '103643'),
('13735', 'FI261CIN', '2012-II', '103643'),
('16155', 'DE151AIN', '2012-II', '103643'),
('17095', 'ME164AIN', '2012-II', '103643'),
('12459', 'IF101AIN', '2012-II', '103644'),
('13010', 'ME165BIN', '2012-II', '103644'),
('17095', 'ME164AIN', '2012-II', '103644'),
('80051', 'ME305BIN', '2012-II', '103644'),
('12240', 'FP179AIN', '2012-II', '103645'),
('13062', 'ME660AIN', '2012-II', '103645'),
('13226', 'IF421BIN', '2012-II', '103645'),
('13431', 'FI263AIN', '2012-II', '103645'),
('14768', 'IF409BIN', '2012-II', '103645'),
('17098', 'ME253BIN', '2012-II', '103645'),
('10119', 'EC171AIN', '2012-II', '103646'),
('10397', 'ME359AIN', '2012-II', '103646'),
('10511', 'ME251AIN', '2012-II', '103646'),
('13064', 'FI261BIN', '2012-II', '103646'),
('13226', 'IF421BIN', '2012-II', '103646'),
('10511', 'ME251AIN', '2012-II', '103649'),
('13064', 'FI261BIN', '2012-II', '103649'),
('13226', 'IF421BIN', '2012-II', '103649'),
('16155', 'DE151AIN', '2012-II', '103649'),
('80051', 'ME305BIN', '2012-II', '103649'),
('10119', 'EC171AIN', '2012-II', '103650'),
('12240', 'FP179AIN', '2012-II', '103650'),
('13062', 'ME660AIN', '2012-II', '103650'),
('13431', 'FI263AIN', '2012-II', '103650'),
('14768', 'IF409BIN', '2012-II', '103650'),
('14768', 'IF421AIN', '2012-II', '103650'),
('16441', 'ME252BIN', '2012-II', '103650'),
('14627', 'IF203AIN', '2012-II', '110038'),
('14817', 'IF411BIN', '2012-II', '110038'),
('14995', 'IF414BIN', '2012-II', '110038');
INSERT INTO tMatricula (codDocente, codCurso, codSemestre, codAlumno) VALUES
('17098', 'ME253BIN', '2012-II', '110038'),
('80037', 'CO152AIN', '2012-II', '110038'),
('80051', 'ME305BIN', '2012-II', '110038'),
('10397', 'ME359AIN', '2012-II', '110044'),
('14768', 'IF409BIN', '2012-II', '110044'),
('14768', 'IF421AIN', '2012-II', '110044'),
('10119', 'EC171AIN', '2012-II', '110069'),
('10397', 'ME359AIN', '2012-II', '110069'),
('13062', 'ME251BIN', '2012-II', '110069'),
('13735', 'FI261CIN', '2012-II', '110069'),
('14302', 'IF409DIN', '2012-II', '110069'),
('14768', 'IF421AIN', '2012-II', '110069'),
('12459', 'IF101AIN', '2012-II', '110071'),
('13064', 'FI261BIN', '2012-II', '110071'),
('13522', 'AD153AIN', '2012-II', '110071'),
('16155', 'DE151AIN', '2012-II', '110071'),
('17095', 'ME164AIN', '2012-II', '110071'),
('80051', 'ME305BIN', '2012-II', '110071'),
('10119', 'EC171AIN', '2012-II', '110128'),
('10199', 'IF409AIN', '2012-II', '110128'),
('10571', 'FI261AIN', '2012-II', '110128'),
('13062', 'ME251BIN', '2012-II', '110128'),
('14768', 'IF421AIN', '2012-II', '110128'),
('80051', 'ME305AIN', '2012-II', '110128'),
('10119', 'EC171AIN', '2012-II', '110129'),
('13062', 'ME251BIN', '2012-II', '110129'),
('13735', 'FI261CIN', '2012-II', '110129'),
('14768', 'IF409BIN', '2012-II', '110129'),
('14768', 'IF421AIN', '2012-II', '110129'),
('80051', 'ME305BIN', '2012-II', '110129'),
('10119', 'EC171AIN', '2012-II', '110130'),
('13062', 'ME251BIN', '2012-II', '110130'),
('13064', 'FI261BIN', '2012-II', '110130'),
('13226', 'IF421BIN', '2012-II', '110130'),
('14302', 'IF409DIN', '2012-II', '110130'),
('80051', 'ME305BIN', '2012-II', '110130'),
('10119', 'EC171AIN', '2012-II', '110283'),
('10397', 'ME359AIN', '2012-II', '110283'),
('10511', 'ME251AIN', '2012-II', '110283'),
('10571', 'FI261AIN', '2012-II', '110283'),
('11849', 'IF409CIN', '2012-II', '110283'),
('13226', 'IF421BIN', '2012-II', '110283'),
('10119', 'EC171AIN', '2012-II', '110284'),
('10199', 'IF409AIN', '2012-II', '110284'),
('10571', 'FI261AIN', '2012-II', '110284'),
('13062', 'ME251BIN', '2012-II', '110284'),
('14768', 'IF421AIN', '2012-II', '110284'),
('80051', 'ME305AIN', '2012-II', '110284'),
('10119', 'EC171AIN', '2012-II', '110285'),
('11849', 'IF409CIN', '2012-II', '110285'),
('13010', 'ME165BIN', '2012-II', '110285'),
('13062', 'ME251BIN', '2012-II', '110285'),
('13226', 'IF421BIN', '2012-II', '110285'),
('80051', 'ME305BIN', '2012-II', '110285'),
('10119', 'EC171AIN', '2012-II', '110286'),
('10199', 'IF409AIN', '2012-II', '110286'),
('10571', 'FI261AIN', '2012-II', '110286'),
('13062', 'ME251BIN', '2012-II', '110286'),
('14768', 'IF421AIN', '2012-II', '110286'),
('80051', 'ME305AIN', '2012-II', '110286'),
('10119', 'EC171AIN', '2012-II', '110287'),
('10199', 'IF409AIN', '2012-II', '110287'),
('10397', 'ME359AIN', '2012-II', '110287'),
('10511', 'ME251AIN', '2012-II', '110287'),
('10571', 'FI261AIN', '2012-II', '110287'),
('13010', 'ME165BIN', '2012-II', '110287'),
('14768', 'IF421AIN', '2012-II', '110287'),
('10199', 'IF409AIN', '2012-II', '110288'),
('10571', 'FI261AIN', '2012-II', '110288'),
('12240', 'FP179AIN', '2012-II', '110288'),
('13062', 'ME251BIN', '2012-II', '110288'),
('13226', 'IF421BIN', '2012-II', '110288'),
('80051', 'ME305BIN', '2012-II', '110288'),
('10363', 'LC154AIN', '2012-II', '110585'),
('12240', 'FP179AIN', '2012-II', '110585'),
('14768', 'IF409BIN', '2012-II', '110585'),
('14768', 'IF421AIN', '2012-II', '110585'),
('17095', 'ME164AIN', '2012-II', '110585'),
('80051', 'ME305BIN', '2012-II', '110585'),
('10119', 'EC171AIN', '2012-II', '110586'),
('13062', 'ME251BIN', '2012-II', '110586'),
('13226', 'IF421BIN', '2012-II', '110586'),
('13735', 'FI261CIN', '2012-II', '110586'),
('14302', 'IF409DIN', '2012-II', '110586'),
('80051', 'ME305BIN', '2012-II', '110586'),
('10119', 'EC171AIN', '2012-II', '110587'),
('11849', 'IF409CIN', '2012-II', '110587'),
('13062', 'ME251BIN', '2012-II', '110587'),
('13735', 'FI261CIN', '2012-II', '110587'),
('14768', 'IF421AIN', '2012-II', '110587'),
('80051', 'ME305BIN', '2012-II', '110587'),
('10119', 'EC171AIN', '2012-II', '110588'),
('10199', 'IF409AIN', '2012-II', '110588'),
('10571', 'FI261AIN', '2012-II', '110588'),
('13062', 'ME251BIN', '2012-II', '110588'),
('14768', 'IF421AIN', '2012-II', '110588'),
('80051', 'ME305AIN', '2012-II', '110588'),
('10119', 'EC171AIN', '2012-II', '110589'),
('10397', 'ME359AIN', '2012-II', '110589'),
('13062', 'ME251BIN', '2012-II', '110589'),
('13064', 'FI261BIN', '2012-II', '110589'),
('13226', 'IF421BIN', '2012-II', '110589'),
('14302', 'IF409DIN', '2012-II', '110589'),
('10119', 'EC171AIN', '2012-II', '110590'),
('10199', 'IF409AIN', '2012-II', '110590'),
('10571', 'FI261AIN', '2012-II', '110590'),
('13062', 'ME251BIN', '2012-II', '110590'),
('14768', 'IF421AIN', '2012-II', '110590'),
('80051', 'ME305AIN', '2012-II', '110590'),
('10119', 'EC171AIN', '2012-II', '110591'),
('12459', 'IF101AIN', '2012-II', '110591'),
('13010', 'ME165BIN', '2012-II', '110591'),
('17095', 'ME164AIN', '2012-II', '110591'),
('80051', 'ME305BIN', '2012-II', '110591'),
('10119', 'EC171AIN', '2012-II', '110592'),
('10571', 'FI261AIN', '2012-II', '110592'),
('13062', 'ME251BIN', '2012-II', '110592'),
('14768', 'IF409BIN', '2012-II', '110592'),
('14768', 'IF421AIN', '2012-II', '110592'),
('80051', 'ME305AIN', '2012-II', '110592'),
('10363', 'LC154AIN', '2012-II', '110593'),
('12459', 'IF101AIN', '2012-II', '110593'),
('13010', 'ME165BIN', '2012-II', '110593'),
('17095', 'ME164AIN', '2012-II', '110593'),
('80051', 'ME305BIN', '2012-II', '110593'),
('80176', 'ED153AIN', '2012-II', '110593'),
('10119', 'EC171AIN', '2012-II', '110594'),
('12459', 'IF101AIN', '2012-II', '110594'),
('13062', 'ME251BIN', '2012-II', '110594'),
('13064', 'FI261BIN', '2012-II', '110594'),
('16155', 'DE151AIN', '2012-II', '110594'),
('80051', 'ME305BIN', '2012-II', '110594'),
('10119', 'EC171AIN', '2012-II', '110595'),
('10199', 'IF409AIN', '2012-II', '110595'),
('10571', 'FI261AIN', '2012-II', '110595'),
('13062', 'ME251BIN', '2012-II', '110595'),
('14768', 'IF421AIN', '2012-II', '110595'),
('80051', 'ME305AIN', '2012-II', '110595'),
('10199', 'IF409AIN', '2012-II', '110596'),
('10571', 'FI261AIN', '2012-II', '110596'),
('12240', 'FP179AIN', '2012-II', '110596'),
('13062', 'ME251BIN', '2012-II', '110596'),
('14768', 'IF421AIN', '2012-II', '110596'),
('80051', 'ME305BIN', '2012-II', '110596'),
('10119', 'EC171AIN', '2012-II', '110597'),
('10199', 'IF409AIN', '2012-II', '110597'),
('10571', 'FI261AIN', '2012-II', '110597'),
('13062', 'ME251BIN', '2012-II', '110597'),
('14768', 'IF421AIN', '2012-II', '110597'),
('80051', 'ME305AIN', '2012-II', '110597'),
('10119', 'EC171AIN', '2012-II', '110598'),
('10199', 'IF409AIN', '2012-II', '110598'),
('10397', 'ME359AIN', '2012-II', '110598'),
('10571', 'FI261AIN', '2012-II', '110598'),
('13062', 'ME251BIN', '2012-II', '110598'),
('14768', 'IF421AIN', '2012-II', '110598'),
('10119', 'EC171AIN', '2012-II', '110599'),
('10571', 'FI261AIN', '2012-II', '110599'),
('13062', 'ME251BIN', '2012-II', '110599'),
('14768', 'IF409BIN', '2012-II', '110599'),
('14768', 'IF421AIN', '2012-II', '110599'),
('80051', 'ME305AIN', '2012-II', '110599'),
('10119', 'EC171AIN', '2012-II', '110600'),
('10199', 'IF409AIN', '2012-II', '110600'),
('10571', 'FI261AIN', '2012-II', '110600'),
('13062', 'ME251BIN', '2012-II', '110600'),
('14768', 'IF421AIN', '2012-II', '110600'),
('80051', 'ME305AIN', '2012-II', '110600'),
('10119', 'EC171AIN', '2012-II', '110601'),
('10199', 'IF409AIN', '2012-II', '110601'),
('10571', 'FI261AIN', '2012-II', '110601'),
('13062', 'ME251BIN', '2012-II', '110601'),
('14768', 'IF421AIN', '2012-II', '110601'),
('80051', 'ME305AIN', '2012-II', '110601'),
('10119', 'EC171AIN', '2012-II', '110602'),
('10571', 'FI261AIN', '2012-II', '110602'),
('14768', 'IF409BIN', '2012-II', '110602'),
('14768', 'IF421AIN', '2012-II', '110602'),
('17095', 'ME164AIN', '2012-II', '110602'),
('80051', 'ME305AIN', '2012-II', '110602'),
('10119', 'EC171AIN', '2012-II', '110603'),
('13062', 'ME251BIN', '2012-II', '110603'),
('13064', 'FI261BIN', '2012-II', '110603'),
('13226', 'IF421BIN', '2012-II', '110603'),
('14302', 'IF409DIN', '2012-II', '110603'),
('80051', 'ME305BIN', '2012-II', '110603'),
('10511', 'ME251AIN', '2012-II', '110604'),
('12240', 'FP179AIN', '2012-II', '110604'),
('13064', 'FI261BIN', '2012-II', '110604'),
('13226', 'IF421BIN', '2012-II', '110604'),
('14302', 'IF409DIN', '2012-II', '110604'),
('80051', 'ME305BIN', '2012-II', '110604'),
('10119', 'EC171AIN', '2012-II', '110605'),
('10571', 'FI261AIN', '2012-II', '110605'),
('13062', 'ME251BIN', '2012-II', '110605'),
('14768', 'IF409BIN', '2012-II', '110605'),
('14768', 'IF421AIN', '2012-II', '110605'),
('80051', 'ME305AIN', '2012-II', '110605'),
('12240', 'FP179AIN', '2012-II', '111171'),
('13062', 'ME251BIN', '2012-II', '111171'),
('13064', 'FI261BIN', '2012-II', '111171'),
('13226', 'IF421BIN', '2012-II', '111171'),
('14302', 'IF409DIN', '2012-II', '111171'),
('80051', 'ME305BIN', '2012-II', '111171'),
('10119', 'EC171AIN', '2012-II', '111173'),
('10199', 'IF409AIN', '2012-II', '111173'),
('10397', 'ME359AIN', '2012-II', '111173'),
('10571', 'FI261AIN', '2012-II', '111173'),
('13062', 'ME251BIN', '2012-II', '111173'),
('14768', 'IF421AIN', '2012-II', '111173'),
('10119', 'EC171AIN', '2012-II', '111174'),
('11849', 'IF409CIN', '2012-II', '111174'),
('13062', 'ME251BIN', '2012-II', '111174'),
('13735', 'FI261CIN', '2012-II', '111174'),
('14768', 'IF421AIN', '2012-II', '111174'),
('80051', 'ME305BIN', '2012-II', '111174'),
('10119', 'EC171AIN', '2012-II', '111175'),
('10199', 'IF409AIN', '2012-II', '111175'),
('10397', 'ME359AIN', '2012-II', '111175'),
('10511', 'ME251AIN', '2012-II', '111175'),
('10571', 'FI261AIN', '2012-II', '111175'),
('14768', 'IF421AIN', '2012-II', '111175'),
('16155', 'DE151AIN', '2012-II', '111175'),
('10119', 'EC171AIN', '2012-II', '111176'),
('10199', 'IF409AIN', '2012-II', '111176'),
('10571', 'FI261AIN', '2012-II', '111176'),
('13062', 'ME251BIN', '2012-II', '111176'),
('14768', 'IF421AIN', '2012-II', '111176'),
('80051', 'ME305AIN', '2012-II', '111176'),
('10119', 'EC171AIN', '2012-II', '111177'),
('13062', 'ME251BIN', '2012-II', '111177'),
('13064', 'FI261BIN', '2012-II', '111177'),
('13226', 'IF421BIN', '2012-II', '111177'),
('14302', 'IF409DIN', '2012-II', '111177'),
('80051', 'ME305BIN', '2012-II', '111177'),
('10119', 'EC171AIN', '2012-II', '111178'),
('10511', 'ME251AIN', '2012-II', '111178'),
('13064', 'FI261BIN', '2012-II', '111178'),
('13226', 'IF421BIN', '2012-II', '111178'),
('14302', 'IF409DIN', '2012-II', '111178'),
('80051', 'ME305BIN', '2012-II', '111178'),
('10119', 'EC171AIN', '2012-II', '111179'),
('10571', 'FI261AIN', '2012-II', '111179'),
('11849', 'IF409CIN', '2012-II', '111179'),
('13062', 'ME251BIN', '2012-II', '111179'),
('14768', 'IF421AIN', '2012-II', '111179'),
('80051', 'ME305AIN', '2012-II', '111179'),
('10571', 'FI261AIN', '2012-II', '111182'),
('11849', 'IF409CIN', '2012-II', '111182'),
('12240', 'FP179AIN', '2012-II', '111182'),
('13062', 'ME251BIN', '2012-II', '111182'),
('13226', 'IF421BIN', '2012-II', '111182'),
('80051', 'ME305BIN', '2012-II', '111182'),
('10119', 'EC171AIN', '2012-II', '111183'),
('10571', 'FI261AIN', '2012-II', '111183'),
('13062', 'ME251BIN', '2012-II', '111183'),
('14768', 'IF409BIN', '2012-II', '111183'),
('14768', 'IF421AIN', '2012-II', '111183'),
('80051', 'ME305AIN', '2012-II', '111183'),
('10363', 'LC154AIN', '2012-II', '111184'),
('10670', 'ME165AIN', '2012-II', '111184'),
('12459', 'IF101AIN', '2012-II', '111184'),
('17095', 'ME164AIN', '2012-II', '111184'),
('80051', 'ME305BIN', '2012-II', '111184'),
('80176', 'ED153AIN', '2012-II', '111184'),
('11849', 'IF409CIN', '2012-II', '111185'),
('12240', 'FP179AIN', '2012-II', '111185'),
('13062', 'ME251BIN', '2012-II', '111185'),
('13064', 'FI261BIN', '2012-II', '111185'),
('13226', 'IF421BIN', '2012-II', '111185'),
('80051', 'ME305BIN', '2012-II', '111185'),
('10511', 'ME251AIN', '2012-II', '111647'),
('13010', 'ME165BIN', '2012-II', '111647'),
('13226', 'IF421BIN', '2012-II', '111647'),
('13735', 'FI261CIN', '2012-II', '111647'),
('80051', 'ME305BIN', '2012-II', '111647'),
('10119', 'EC171AIN', '2012-II', '111648'),
('10199', 'IF409AIN', '2012-II', '111648'),
('10397', 'ME359AIN', '2012-II', '111648'),
('10511', 'ME251AIN', '2012-II', '111648'),
('10571', 'FI261AIN', '2012-II', '111648'),
('14768', 'IF421AIN', '2012-II', '111648'),
('16155', 'DE151AIN', '2012-II', '111648'),
('10119', 'EC171AIN', '2012-II', '111649'),
('10571', 'FI261AIN', '2012-II', '111649'),
('11849', 'IF409CIN', '2012-II', '111649'),
('13062', 'ME251BIN', '2012-II', '111649'),
('14768', 'IF421AIN', '2012-II', '111649'),
('80051', 'ME305AIN', '2012-II', '111649'),
('10119', 'EC171AIN', '2012-II', '111650'),
('10571', 'FI261AIN', '2012-II', '111650'),
('11849', 'IF409CIN', '2012-II', '111650'),
('13062', 'ME251BIN', '2012-II', '111650'),
('14768', 'IF421AIN', '2012-II', '111650'),
('80051', 'ME305AIN', '2012-II', '111650'),
('10363', 'LC154AIN', '2012-II', '111651'),
('12459', 'IF101AIN', '2012-II', '111651'),
('13010', 'ME165BIN', '2012-II', '111651'),
('17095', 'ME164AIN', '2012-II', '111651'),
('80051', 'ME305BIN', '2012-II', '111651'),
('80176', 'ED153AIN', '2012-II', '111651'),
('10119', 'EC171AIN', '2012-II', '111855'),
('10199', 'IF409AIN', '2012-II', '111855'),
('13062', 'ME251BIN', '2012-II', '111855'),
('13226', 'IF421BIN', '2012-II', '111855'),
('13735', 'FI261CIN', '2012-II', '111855'),
('80051', 'ME305BIN', '2012-II', '111855'),
('10119', 'EC171AIN', '2012-II', '111856'),
('10571', 'FI261AIN', '2012-II', '111856'),
('11849', 'IF409CIN', '2012-II', '111856'),
('13062', 'ME251BIN', '2012-II', '111856'),
('14768', 'IF421AIN', '2012-II', '111856'),
('80051', 'ME305BIN', '2012-II', '111856'),
('10397', 'ME360AIN', '2012-II', '111857'),
('11203', 'IF410BIN', '2012-II', '111857'),
('12240', 'FP179AIN', '2012-II', '111857'),
('13522', 'AD153AIN', '2012-II', '111857'),
('14769', 'IF422BIN', '2012-II', '111857'),
('80246', 'IF471AIN', '2012-II', '111857'),
('10119', 'EC171AIN', '2012-II', '111858'),
('10397', 'ME359AIN', '2012-II', '111858'),
('10571', 'FI261AIN', '2012-II', '111858'),
('13062', 'ME251BIN', '2012-II', '111858'),
('14768', 'IF409BIN', '2012-II', '111858'),
('14768', 'IF421AIN', '2012-II', '111858'),
('10571', 'FI261AIN', '2012-II', '111859'),
('11849', 'IF409CIN', '2012-II', '111859'),
('12240', 'FP179AIN', '2012-II', '111859'),
('13062', 'ME251BIN', '2012-II', '111859'),
('13226', 'IF421BIN', '2012-II', '111859'),
('80051', 'ME305BIN', '2012-II', '111859'),
('10119', 'EC171AIN', '2012-II', '111860'),
('10199', 'IF409AIN', '2012-II', '111860'),
('10571', 'FI261AIN', '2012-II', '111860'),
('13062', 'ME251BIN', '2012-II', '111860'),
('14768', 'IF421AIN', '2012-II', '111860'),
('80051', 'ME305AIN', '2012-II', '111860'),
('10119', 'EC171AIN', '2012-II', '111861'),
('13062', 'ME251BIN', '2012-II', '111861'),
('13735', 'FI261CIN', '2012-II', '111861'),
('14768', 'IF409BIN', '2012-II', '111861'),
('14768', 'IF421AIN', '2012-II', '111861'),
('80051', 'ME305BIN', '2012-II', '111861'),
('10363', 'LC154AIN', '2012-II', '111862'),
('12240', 'FP179AIN', '2012-II', '111862'),
('12459', 'IF101AIN', '2012-II', '111862'),
('13522', 'AD153AIN', '2012-II', '111862'),
('17095', 'ME164AIN', '2012-II', '111862'),
('80051', 'ME305BIN', '2012-II', '111862'),
('10119', 'EC171AIN', '2012-II', '111863'),
('10397', 'ME359AIN', '2012-II', '111863'),
('10571', 'FI261AIN', '2012-II', '111863'),
('13062', 'ME251BIN', '2012-II', '111863'),
('14768', 'IF409BIN', '2012-II', '111863'),
('14768', 'IF421AIN', '2012-II', '111863'),
('10670', 'ME165AIN', '2012-II', '111864'),
('12459', 'IF101AIN', '2012-II', '111864'),
('13062', 'ME251BIN', '2012-II', '111864'),
('13064', 'FI261BIN', '2012-II', '111864'),
('80051', 'ME305BIN', '2012-II', '111864'),
('10119', 'EC171AIN', '2012-II', '111865'),
('10199', 'IF409AIN', '2012-II', '111865'),
('10571', 'FI261AIN', '2012-II', '111865'),
('13062', 'ME251BIN', '2012-II', '111865'),
('14768', 'IF421AIN', '2012-II', '111865'),
('80051', 'ME305AIN', '2012-II', '111865'),
('10511', 'ME251AIN', '2012-II', '111867'),
('13064', 'FI261BIN', '2012-II', '111867'),
('13226', 'IF421BIN', '2012-II', '111867'),
('14302', 'IF409DIN', '2012-II', '111867'),
('80051', 'ME305BIN', '2012-II', '111867'),
('10119', 'EC171AIN', '2012-II', '111868'),
('10571', 'FI261AIN', '2012-II', '111868'),
('13062', 'ME251BIN', '2012-II', '111868'),
('14768', 'IF409BIN', '2012-II', '111868'),
('14768', 'IF421AIN', '2012-II', '111868'),
('80051', 'ME305AIN', '2012-II', '111868'),
('10208', 'FI357AIN', '2012-II', '113548'),
('10326', 'FI264BIN', '2012-II', '113548'),
('10397', 'ME359AIN', '2012-II', '113548'),
('12459', 'IF101AIN', '2012-II', '113548'),
('13028', 'ME253AIN', '2012-II', '113548'),
('10363', 'LC154AIN', '2012-II', '113549'),
('10670', 'ME165AIN', '2012-II', '113549'),
('12459', 'IF101AIN', '2012-II', '113549'),
('17095', 'ME164AIN', '2012-II', '113549'),
('80051', 'ME305AIN', '2012-II', '113549'),
('80176', 'ED153AIN', '2012-II', '113549'),
('10363', 'LC154AIN', '2012-II', '113550'),
('10670', 'ME165AIN', '2012-II', '113550'),
('12459', 'IF101AIN', '2012-II', '113550'),
('17095', 'ME164AIN', '2012-II', '113550'),
('80051', 'ME305AIN', '2012-II', '113550'),
('80176', 'ED153AIN', '2012-II', '113550'),
('10363', 'LC154AIN', '2012-II', '113551'),
('10670', 'ME165AIN', '2012-II', '113551'),
('12459', 'IF101AIN', '2012-II', '113551'),
('17095', 'ME164AIN', '2012-II', '113551'),
('80051', 'ME305AIN', '2012-II', '113551'),
('80176', 'ED153AIN', '2012-II', '113551'),
('10363', 'LC154AIN', '2012-II', '113552'),
('10670', 'ME165AIN', '2012-II', '113552'),
('12459', 'IF101AIN', '2012-II', '113552'),
('17095', 'ME164AIN', '2012-II', '113552'),
('80051', 'ME305AIN', '2012-II', '113552'),
('80176', 'ED153AIN', '2012-II', '113552'),
('10363', 'LC154AIN', '2012-II', '113553'),
('10670', 'ME165AIN', '2012-II', '113553'),
('12459', 'IF101AIN', '2012-II', '113553'),
('17095', 'ME164AIN', '2012-II', '113553'),
('80051', 'ME305AIN', '2012-II', '113553'),
('80176', 'ED153AIN', '2012-II', '113553'),
('10363', 'LC154AIN', '2012-II', '113554'),
('10670', 'ME165AIN', '2012-II', '113554'),
('12459', 'IF101AIN', '2012-II', '113554'),
('17095', 'ME164AIN', '2012-II', '113554'),
('80051', 'ME305AIN', '2012-II', '113554'),
('80176', 'ED153AIN', '2012-II', '113554'),
('10363', 'LC154AIN', '2012-II', '113555'),
('10670', 'ME165AIN', '2012-II', '113555'),
('12459', 'IF101AIN', '2012-II', '113555'),
('17095', 'ME164AIN', '2012-II', '113555'),
('80051', 'ME305AIN', '2012-II', '113555'),
('80176', 'ED153AIN', '2012-II', '113555'),
('10363', 'LC154AIN', '2012-II', '113556'),
('10670', 'ME165AIN', '2012-II', '113556'),
('12459', 'IF101AIN', '2012-II', '113556'),
('17095', 'ME164AIN', '2012-II', '113556'),
('80051', 'ME305AIN', '2012-II', '113556'),
('80176', 'ED153AIN', '2012-II', '113556'),
('10363', 'LC154AIN', '2012-II', '113557'),
('10670', 'ME165AIN', '2012-II', '113557'),
('12459', 'IF101AIN', '2012-II', '113557'),
('17095', 'ME164AIN', '2012-II', '113557'),
('80051', 'ME305AIN', '2012-II', '113557'),
('80176', 'ED153AIN', '2012-II', '113557'),
('10363', 'LC154AIN', '2012-II', '113558'),
('10670', 'ME165AIN', '2012-II', '113558'),
('12459', 'IF101AIN', '2012-II', '113558'),
('17095', 'ME164AIN', '2012-II', '113558'),
('80051', 'ME305AIN', '2012-II', '113558'),
('80176', 'ED153AIN', '2012-II', '113558'),
('10363', 'LC154AIN', '2012-II', '113559'),
('10670', 'ME165AIN', '2012-II', '113559'),
('12459', 'IF101AIN', '2012-II', '113559'),
('17095', 'ME164AIN', '2012-II', '113559'),
('80051', 'ME305AIN', '2012-II', '113559'),
('80176', 'ED153AIN', '2012-II', '113559'),
('10363', 'LC154AIN', '2012-II', '113560'),
('10670', 'ME165AIN', '2012-II', '113560'),
('12459', 'IF101AIN', '2012-II', '113560'),
('17095', 'ME164AIN', '2012-II', '113560'),
('80051', 'ME305AIN', '2012-II', '113560'),
('80176', 'ED153AIN', '2012-II', '113560'),
('10363', 'LC154AIN', '2012-II', '113561'),
('10670', 'ME165AIN', '2012-II', '113561'),
('12459', 'IF101AIN', '2012-II', '113561'),
('17095', 'ME164AIN', '2012-II', '113561'),
('80051', 'ME305AIN', '2012-II', '113561'),
('80176', 'ED153AIN', '2012-II', '113561'),
('10363', 'LC154AIN', '2012-II', '113562'),
('10670', 'ME165AIN', '2012-II', '113562'),
('12459', 'IF101AIN', '2012-II', '113562'),
('17095', 'ME164AIN', '2012-II', '113562'),
('80051', 'ME305AIN', '2012-II', '113562'),
('80176', 'ED153AIN', '2012-II', '113562'),
('10363', 'LC154AIN', '2012-II', '113563'),
('10670', 'ME165AIN', '2012-II', '113563'),
('12459', 'IF101AIN', '2012-II', '113563'),
('17095', 'ME164AIN', '2012-II', '113563'),
('80051', 'ME305AIN', '2012-II', '113563'),
('80176', 'ED153AIN', '2012-II', '113563'),
('10363', 'LC154AIN', '2012-II', '113564'),
('10670', 'ME165AIN', '2012-II', '113564'),
('12459', 'IF101AIN', '2012-II', '113564'),
('17095', 'ME164AIN', '2012-II', '113564'),
('80051', 'ME305AIN', '2012-II', '113564'),
('80176', 'ED153AIN', '2012-II', '113564'),
('10363', 'LC154AIN', '2012-II', '113565'),
('10670', 'ME165AIN', '2012-II', '113565'),
('12459', 'IF101AIN', '2012-II', '113565'),
('17095', 'ME164AIN', '2012-II', '113565'),
('80051', 'ME305AIN', '2012-II', '113565'),
('80176', 'ED153AIN', '2012-II', '113565'),
('10363', 'LC154AIN', '2012-II', '113566'),
('10670', 'ME165AIN', '2012-II', '113566'),
('12459', 'IF101AIN', '2012-II', '113566'),
('17095', 'ME164AIN', '2012-II', '113566'),
('80051', 'ME305AIN', '2012-II', '113566'),
('80176', 'ED153AIN', '2012-II', '113566'),
('10363', 'LC154AIN', '2012-II', '113567'),
('10670', 'ME165AIN', '2012-II', '113567'),
('12459', 'IF101AIN', '2012-II', '113567'),
('17095', 'ME164AIN', '2012-II', '113567'),
('80051', 'ME305AIN', '2012-II', '113567'),
('80176', 'ED153AIN', '2012-II', '113567'),
('10363', 'LC154AIN', '2012-II', '113568'),
('10670', 'ME165AIN', '2012-II', '113568'),
('12459', 'IF101AIN', '2012-II', '113568'),
('17095', 'ME164AIN', '2012-II', '113568'),
('80051', 'ME305AIN', '2012-II', '113568'),
('80176', 'ED153AIN', '2012-II', '113568'),
('10363', 'LC154AIN', '2012-II', '113569'),
('10670', 'ME165AIN', '2012-II', '113569'),
('12459', 'IF101AIN', '2012-II', '113569'),
('17095', 'ME164AIN', '2012-II', '113569'),
('80051', 'ME305AIN', '2012-II', '113569'),
('80176', 'ED153AIN', '2012-II', '113569'),
('10363', 'LC154AIN', '2012-II', '113570'),
('10670', 'ME165AIN', '2012-II', '113570'),
('12459', 'IF101AIN', '2012-II', '113570'),
('17095', 'ME164AIN', '2012-II', '113570'),
('80051', 'ME305AIN', '2012-II', '113570'),
('80176', 'ED153AIN', '2012-II', '113570'),
('10363', 'LC154AIN', '2012-II', '114136'),
('10670', 'ME165AIN', '2012-II', '114136'),
('12459', 'IF101AIN', '2012-II', '114136'),
('17095', 'ME164AIN', '2012-II', '114136'),
('80051', 'ME305AIN', '2012-II', '114136'),
('80176', 'ED153AIN', '2012-II', '114136'),
('10363', 'LC154AIN', '2012-II', '114137'),
('10670', 'ME165AIN', '2012-II', '114137'),
('12459', 'IF101AIN', '2012-II', '114137'),
('17095', 'ME164AIN', '2012-II', '114137'),
('80051', 'ME305AIN', '2012-II', '114137'),
('80176', 'ED153AIN', '2012-II', '114137'),
('10363', 'LC154AIN', '2012-II', '114138'),
('10670', 'ME165AIN', '2012-II', '114138'),
('12459', 'IF101AIN', '2012-II', '114138'),
('17095', 'ME164AIN', '2012-II', '114138'),
('80051', 'ME305AIN', '2012-II', '114138'),
('80176', 'ED153AIN', '2012-II', '114138'),
('10363', 'LC154AIN', '2012-II', '114139'),
('10670', 'ME165AIN', '2012-II', '114139'),
('12459', 'IF101AIN', '2012-II', '114139'),
('17095', 'ME164AIN', '2012-II', '114139'),
('80051', 'ME305AIN', '2012-II', '114139'),
('80176', 'ED153AIN', '2012-II', '114139'),
('10363', 'LC154AIN', '2012-II', '114140'),
('10670', 'ME165AIN', '2012-II', '114140'),
('12459', 'IF101AIN', '2012-II', '114140'),
('17095', 'ME164AIN', '2012-II', '114140'),
('80051', 'ME305AIN', '2012-II', '114140'),
('80176', 'ED153AIN', '2012-II', '114140'),
('10363', 'LC154AIN', '2012-II', '114141'),
('10670', 'ME165AIN', '2012-II', '114141'),
('12459', 'IF101AIN', '2012-II', '114141'),
('17095', 'ME164AIN', '2012-II', '114141'),
('80051', 'ME305AIN', '2012-II', '114141'),
('80176', 'ED153AIN', '2012-II', '114141'),
('10363', 'LC154AIN', '2012-II', '114142'),
('10670', 'ME165AIN', '2012-II', '114142'),
('12459', 'IF101AIN', '2012-II', '114142'),
('17095', 'ME164AIN', '2012-II', '114142'),
('80051', 'ME305AIN', '2012-II', '114142'),
('80176', 'ED153AIN', '2012-II', '114142'),
('10119', 'EC171AIN', '2012-II', '114143'),
('12240', 'FP179AIN', '2012-II', '114143'),
('12459', 'IF101AIN', '2012-II', '114143'),
('13431', 'FI263AIN', '2012-II', '114143'),
('17095', 'ME164AIN', '2012-II', '114143'),
('80051', 'ME305AIN', '2012-II', '114143'),
('10363', 'LC154AIN', '2012-II', '114144'),
('10670', 'ME165AIN', '2012-II', '114144'),
('12459', 'IF101AIN', '2012-II', '114144'),
('17095', 'ME164AIN', '2012-II', '114144'),
('80051', 'ME305AIN', '2012-II', '114144'),
('80176', 'ED153AIN', '2012-II', '114144'),
('10363', 'LC154AIN', '2012-II', '114145'),
('10670', 'ME165AIN', '2012-II', '114145'),
('12459', 'IF101AIN', '2012-II', '114145'),
('17095', 'ME164AIN', '2012-II', '114145'),
('80051', 'ME305AIN', '2012-II', '114145'),
('80176', 'ED153AIN', '2012-II', '114145'),
('10363', 'LC154AIN', '2012-II', '114146'),
('10670', 'ME165AIN', '2012-II', '114146'),
('12459', 'IF101AIN', '2012-II', '114146'),
('17095', 'ME164AIN', '2012-II', '114146'),
('80051', 'ME305AIN', '2012-II', '114146'),
('80176', 'ED153AIN', '2012-II', '114146'),
('10363', 'LC154AIN', '2012-II', '114147'),
('10670', 'ME165AIN', '2012-II', '114147'),
('12459', 'IF101AIN', '2012-II', '114147'),
('17095', 'ME164AIN', '2012-II', '114147'),
('80051', 'ME305AIN', '2012-II', '114147'),
('80176', 'ED153AIN', '2012-II', '114147'),
('10363', 'LC154AIN', '2012-II', '114148'),
('10670', 'ME165AIN', '2012-II', '114148'),
('12459', 'IF101AIN', '2012-II', '114148'),
('17095', 'ME164AIN', '2012-II', '114148'),
('80051', 'ME305AIN', '2012-II', '114148'),
('80176', 'ED153AIN', '2012-II', '114148'),
('10363', 'LC154AIN', '2012-II', '114149'),
('10670', 'ME165AIN', '2012-II', '114149'),
('12459', 'IF101AIN', '2012-II', '114149'),
('17095', 'ME164AIN', '2012-II', '114149'),
('80051', 'ME305AIN', '2012-II', '114149'),
('80176', 'ED153AIN', '2012-II', '114149'),
('10363', 'LC154AIN', '2012-II', '114150'),
('10670', 'ME165AIN', '2012-II', '114150'),
('12459', 'IF101AIN', '2012-II', '114150'),
('17095', 'ME164AIN', '2012-II', '114150'),
('80051', 'ME305AIN', '2012-II', '114150'),
('80176', 'ED153AIN', '2012-II', '114150'),
('10234', 'IF420AIN', '2012-II', '932310'),
('11849', 'IF053AIN', '2012-II', '932310'),
('14002', 'IF406AIN', '2012-II', '932310'),
('14627', 'IF203AIN', '2012-II', '932310'),
('14992', 'ME766AIN', '2012-II', '932310'),
('16570', 'IF301AIN', '2012-II', '932310'),
('13428', 'IF502AIN', '2012-II', '962202'),
('13428', 'IF505AIN', '2012-II', '962202'),
('17098', 'ME253BIN', '2012-II', '962202'),
('80246', 'IF471AIN', '2012-II', '962202'),
('13994', 'IF425AIN', '2012-II', '990530'),
('14332', 'EC702AIN', '2012-II', '990530'),
('14664', 'IF202AIN', '2012-II', '990530'),
('16563', 'IF413AIN', '2012-II', '990530'),
('16570', 'IF301AIN', '2012-II', '990530'),
('10397', 'ME359AIN', '2012-II', '992091'),
('13733', 'IF501AIN', '2012-II', '992091'),
('14769', 'IF422BIN', '2012-II', '992091'),
('14817', 'IF410CIN', '2012-II', '992091'),
('80246', 'IF471AIN', '2012-II', '992091'),
('13994', 'IF425AIN', '2012-II', '992168'),
('14002', 'IF603AIN', '2012-II', '992168'),
('13733', 'IF212AIN', '2012-II', '992174'),
('13733', 'IF501AIN', '2012-II', '992174'),
('13994', 'IF425AIN', '2012-II', '992174'),
('14002', 'IF603AIN', '2012-II', '992174'),
('14627', 'IF203AIN', '2012-II', '992174'),
('15938', 'IF414CIN', '2012-II', '992174'),
('10326', 'FI264BIN', '2012-II', '992182'),
('13010', 'ME165BIN', '2012-II', '992182'),
('14332', 'EC702AIN', '2012-II', '992182'),
('17098', 'ME253BIN', '2012-II', '992182');
INSERT INTO tMatricula (codDocente, codCurso, codSemestre, codAlumno) VALUES
('14769', 'IF209AIN', '2012-II', '080207'),
('14769', 'IF209AIN', '2012-II', '001221'),
('14769', 'IF209AIN', '2012-II', '932310'),
('14769', 'IF209AIN', '2012-II', '041574'),
('14769', 'IF209AIN', '2012-II', '073291'),
('14769', 'IF209AIN', '2012-II', '073292'),
('14769', 'IF209AIN', '2012-II', '030419'),
('14769', 'IF209AIN', '2012-II', '040978'),
('14769', 'IF209AIN', '2012-II', '073294'),
('14769', 'IF209AIN', '2012-II', '051688'),
('14769', 'IF209AIN', '2012-II', '083185'),
('14769', 'IF209AIN', '2012-II', '031126'),
('14769', 'IF209AIN', '2012-II', '080737'),
('14769', 'IF209AIN', '2012-II', '081557'),
('14769', 'IF209AIN', '2012-II', '083191'),
('14769', 'IF209AIN', '2012-II', '070696'),
('14769', 'IF209AIN', '2012-II', '073297'),
('14769', 'IF209AIN', '2012-II', '030424'),
('14769', 'IF209AIN', '2012-II', '073298'),
('14769', 'IF209AIN', '2012-II', '062843'),
('14769', 'IF209AIN', '2012-II', '073299'),
('14769', 'IF209AIN', '2012-II', '073300'),
('14769', 'IF209AIN', '2012-II', '083195'),
('14769', 'IF209AIN', '2012-II', '083196'),
('14769', 'IF209AIN', '2012-II', '070707'),
('14769', 'IF209AIN', '2012-II', '083202'),
('14769', 'IF209AIN', '2012-II', '080741'),
('14769', 'IF209AIN', '2012-II', '992174'),
('14769', 'IF209AIN', '2012-II', '070711'),
('14769', 'IF209AIN', '2012-II', '083205'),
('14769', 'IF209AIN', '2012-II', '073307'),
('14769', 'IF209AIN', '2012-II', '080221'),
('14769', 'IF209AIN', '2012-II', '070718'),
('14769', 'IF209AIN', '2012-II', '083210'),
('14769', 'IF209AIN', '2012-II', '083212'),
('14769', 'IF209AIN', '2012-II', '081572'),
('14769', 'IF209AIN', '2012-II', '070720'),
('14769', 'IF209AIN', '2012-II', '043043'),
('14769', 'IF209AIN', '2012-II', '990530'),
('14769', 'IF209AIN', '2012-II', '073316'),
('14769', 'IF209AIN', '2012-II', '081320'),
('14769', 'IF209AIN', '2012-II', '073317'),
('14769', 'IF209AIN', '2012-II', '073318'),
('14769', 'IF209AIN', '2012-II', '062858'),
('14769', 'IF209AIN', '2012-II', '073319'),
('14769', 'IF209AIN', '2012-II', '001030'),
('14769', 'IF209AIN', '2012-II', '992182'),
('14769', 'IF209AIN', '2012-II', '080747'),
('14769', 'IF209AIN', '2012-II', '073321'),
('14769', 'IF209AIN', '2012-II', '073324'),
('14769', 'IF209AIN', '2012-II', '081577'),
('14769', 'IF209AIN', '2012-II', '073326'),
('14769', 'IF209AIN', '2012-II', '073327'),
('14769', 'IF209AIN', '2012-II', '062863'),
('14627', 'IF203AIN', '2012-II', '070680'),
('14627', 'IF203AIN', '2012-II', '001221'),
('14627', 'IF203AIN', '2012-II', '041574'),
('14627', 'IF203AIN', '2012-II', '073291'),
('14627', 'IF203AIN', '2012-II', '051688'),
('14627', 'IF203AIN', '2012-II', '031126'),
('14627', 'IF203AIN', '2012-II', '043035'),
('14627', 'IF203AIN', '2012-II', '083191'),
('14627', 'IF203AIN', '2012-II', '030424'),
('14627', 'IF203AIN', '2012-II', '062843'),
('14627', 'IF203AIN', '2012-II', '073299'),
('14627', 'IF203AIN', '2012-II', '083196'),
('14627', 'IF203AIN', '2012-II', '083202'),
('14627', 'IF203AIN', '2012-II', '070711'),
('14627', 'IF203AIN', '2012-II', '073307'),
('14627', 'IF203AIN', '2012-II', '080221'),
('14627', 'IF203AIN', '2012-II', '002427'),
('14627', 'IF203AIN', '2012-II', '083212'),
('14627', 'IF203AIN', '2012-II', '043043'),
('14627', 'IF203AIN', '2012-II', '990530'),
('14627', 'IF203AIN', '2012-II', '073316'),
('14627', 'IF203AIN', '2012-II', '073318'),
('14627', 'IF203AIN', '2012-II', '001030'),
('14627', 'IF203AIN', '2012-II', '992182'),
('14627', 'IF203AIN', '2012-II', '073324'),
('14627', 'IF203AIN', '2012-II', '081577'),
('14627', 'IF203AIN', '2012-II', '062863');

INSERT INTO tTema (codDocente, codCurso, nombre) VALUES
('14627','IF203AIN','INTRODUCCIÓN Y EL ENTORNO DE NEGOCIOS'),
('14627','IF203AIN','ADMINISTRACIÓN'),
('14627','IF203AIN','CENTRO DE CÓMPUTO'),
('14627','IF203AIN','PROVISIÓN DE TI E INFRAESTRUCTURA PARA LA ORGANIZACIÓN'),
('14627','IF203AIN','SEGURIDAD Y CONTROL EN UN CENTRO DE CÓMPUTO'),
('14627','IF203AIN','PROTECCIÓN DIGITAL DE LA ORGANIZACIÓN'),
('14627','IF203AIN','TEMAS ÉTICOS Y SOCIALES'),
('14627','IF203AIN','DISEÑO Y CABLEADO DE UN CENTRO DE DATOS');

INSERT INTO tPregunta (codPregunta, codTema, enunciado, nivel, imagen) VALUES
(1, 1, 'EN EL ENTORNO DE NEGOCIOS COMPETITIVO, UNA CARACTERÍSTICA DE LA TRANSFORMACIÓN DE LA EMPRESA COMERCIAL Ó DE NEGOCIOS ES', 'N', NULL),
(2, 1, 'LA DEFINICIÓN DE LAS ORGANIZACIONES COMO COLECCIONES DE DERECHOS, PRIVILEGIOS, OBLIGACIONES, Y RESPONSABILIDADES BALANCEADAS A TRAVÉS CONFLICTO Y RESOLUCIÓN DE CONFLICTOS ES', 'N', NULL),
(3, 1, 'ALICIA ES NUEVA EN LA ORGANIZACIÓN ONYX. ELLA PREGUNTA A SU SUPERVISOR PORQUE LOS PROCEDIMIENTOS CONTABLES NO SON MODIFICADOS PARA REFLEJAR PRÁCTICAS MÁS MODERNAS. SU SUPERVISOR LE DICE, "QUE ES LA MANERA COMO NOSOTROS HACEMOS LAS COSAS POR AQUÍ". EL COMENTARIO DEL SUPERVISOR ES UN EJEMPLO DE ________________________.', 'N', NULL),
(4, 1, 'UNA ORGANIZACIÓN VIRTUAL ES UN(A)', 'N', NULL),
(5, 2, 'LA HABILIDAD TÉCNICA DE UN ADMINISTRADOR CONSISTE DE PUNTOS O TEMAS TALES COMO', 'N', NULL),
(6, 2, 'LAS ACCIONES TALES COMO; "DESIGNAR PERSONAS", "ASIGNAR RECURSOS" CORRESPONDEN A LA FUNCIÓN DE ______________ EN EL PROCESO ADMINISTRATIVO', 'N', NULL),
(7, 2, 'EL PROPÓSITO DE CONTROLAR ES', 'N', NULL),
(8, 2, 'INDIQUE CUAL DE LAS AFIRMACIONES ES FALSA; EN LOS REQUERIMIENTOS DE PROTECCIÓN Y SUMINISTRO DE ENERGÍA ELÉCTRICA, LAS FUENTES DE ENERGÍA ALTERNATIVAS', 'N', NULL),
(9, 3, 'EN EL ESTABLECIMIENTO, CONSTRUCCIÓN O FUNCIONAMIENTO DE UN CC,  CON RELACIÓN AL PERSONAL NOS PLANTEAMOS PREGUNTAS TALES COMO', 'N', NULL),
(10, 3, 'EN RELACIÓN A LOS PROBLEMAS DE INSTALACIONES FÍSICAS EN UN "CC", NO ES UNA OPCIÓN DEL CONTROL DE RIESGOS', 'N', NULL),
(11, 4, 'CUANDO UNA COMPUTADORA PROPORCIONA SERVICIOS A OTRA COMPUTADORA, EL ENTORNO ES UNA INFRAESTRUCTURA _______________.', 'N', NULL),
(12, 4, 'INDIQUE LA ALTERNATIVA FALSA; EN LA PROVISIÓN DE SISTEMAS DE SOFTWARE PARA UNA ORGANIZACIÓN EXISTEN VARIAS ALTERNATIVAS, UNA DE LAS CUALES ES', 'N', NULL),
(13, 4, 'LA PRÁCTICA DE CONTRATAR A TERCEROS PARA  DIVERSAS OPERACIONES Y/O FUNCIONES ES LLAMADO', 'N', NULL),
(14, 4, 'LA FACTIBILIDAD SITUACIONAL SE REFIERE A', 'N', NULL),
(15, 4, 'INDIQUE LA ALTERNATIVA FALSA; PARA EL PROCESO DE "MUDARSE" DE UN SISTEMA ANTIGUO A UN SISTEMA NUEVO, LAS ORGANIZACIONES PUEDEN USAR DIVERSAS ESTRATEGIAS DE CONVERSIÓN,  TAL COMO LA CONVERSIÓN', 'N', NULL),
(16, 5, 'UN TIPO DE AMENAZA INTENCIONAL ES LA INGENIERÍA SOCIAL, EL CUAL ES', 'N', NULL),
(17, 5, 'CUANDO UN ATACANTE ENVÍA MUCHAS PETICIONES DE INFORMACIÓN A UN SISTEMA "BLANCO" TANTO QUE EL "BLANCO" NO PUEDE MANEJARLOS CON ÉXITO Y PUEDE "COLGAR" EL SISTEMA ENTERO, ES LLAMADO.', 'N', NULL),
(18, 5, '¿CUÁL DE LOS SIGUIENTES ES VERDADERO ACERCA DE LOS PROCEDIMIENTOS DE SEGURIDAD ESTABLECIDOS POR UN INDIVIDUO Ó POR UNA COMPAÑÍA?', 'N', NULL),
(19, 5, '¿QUÉ TÉRMINO ES USADO PARA LAS CARACTERÍSTICAS FÍSICAS ACERCA DE UNO, QUE PODRÍAN SER USADAS PARA CONCEDER ACCESO A UNA COMPUTADORA, CARACTERÍSTICAS TALES COMO LA HUELLA DIGITAL, EL ESCANEO DE RETINA, ...?', 'N', NULL),
(20, 6, 'INDIQUE CUÁL DE LAS ALTERNATIVAS ES FALSA; EN RELACIÓN A LA PROTECCIÓN INFORMÁTICA DE LA ORGANIZACIÓN, "CLUSTERING" ES USADO PARA', 'N', NULL),
(21, 6, 'INDICAR LA ALTERNATIVA FALSA; LOS IDS (SISTEMA DE DETECCIÓN DE INTRUSOS) PUEDEN LLEVAR A CABO LO SIGUIENTE', 'N', NULL),
(22, 7, 'LA CARACTERÍSTICA DE LOS SISTEMAS E INSTITUCIONES SOCIALES QUE INDICA QUE HAY MECANISMOS PARA DETERMINAR QUIEN TOMÓ UNA ACCIÓN RESPONSABLE, Ó QUIEN ES EL RESPONSABLE ES LLAMADA', 'N', NULL),
(23, 7, 'LA DECLARACIÓN DE QUE SI UNA ACCIÓN NO ES CORRECTA PARA CADA UNO QUE LA TOME ENTONCES NO ES CORRECTA PARA NADIE ES UNA EXPRESIÓN DE', 'N', NULL),
(24, 7, 'EL MODELO DE CONSENTIMIENTO INFORMADO QUE PROHÍBE A UNA ORGANIZACIÓN DE RECOLECTAR CUALQUIER INFORMACIÓN PERSONAL A MENOS QUE EL INDIVIDUO ESPECÍFICAMENTE TOME ACCIÓN PARA APROBAR RECOLECCIÓN Y USO DE LA INFORMACIÓN ES LLAMADO', 'N', NULL),
(25, 7, 'INDICAR LA ALTERNATIVA FALSA; LAS COMPUTADORAS PUEDEN TAMBIÉN CREAR PROBLEMAS DE SALUD, TAL COMO', 'N', NULL),
(26, 8, 'SEÑALE LA TERNA INCONGRUENTE O INCORRECTA.', 'N', NULL),
(27, 8, 'EN EL CASO DE UN CENTRO DE DATOS CON MÚLTIPLES PISOS, LA RECOMENDACIÓN DEL TIA-942 ES QUE DEBERÍA HABER MÍNIMO', 'N', NULL),
(28, 8, 'SEÑALE LA TERNA CONGRUENTE O CORRECTA', 'N', NULL),
(29, 8, 'SEÑALE LA DUPLA INCONGRUENTE O INCORRECTA; UN PAR DE ESPACIOS QUE EL CABLEADO HORIZONTAL CONECTA (SIN TENER EN CUENTA REDUNDANCIAS, NI CENTROS DE DATOS DE TOPOLOGÍA REDUCIDA) ES', 'N', NULL),
(30, 8, 'SEÑALE LA TERNA CONGRUENTE O CORRECTA', 'N', NULL);

INSERT INTO tAlternativa (codAlternativa, codPregunta, correcta, detalle) VALUES
(1, 1, 'N', 'LA COMPETENCIA EN MERCADOS MUNDIALES.'),
(2, 1, 'N', 'GRUPOS DE TRABAJO GLOBALES.'),
(3, 1, 'N', 'LA COMPETENCIA BASADA EN EL TIEMPO.'),
(4, 1, 'S', 'LA DESCENTRALIZACIÓN.'),
(5, 1, 'N', 'LA ADMINISTRACIÓN POR MEDIOS DIGITALES DE ACTIVOS CORPORATIVOS CLAVES.'),
(6, 2, 'N', 'TÉCNICA'),
(7, 2, 'S', 'CONDUCTISTA'),
(8, 2, 'N', 'MICRO ECONÓMICA'),
(9, 2, 'N', 'NINGUNA DE ARRIBA'),
(10, 3, 'N', 'EL LEMA DEL SUPERVISOR.'),
(11, 3, 'S', 'LA CULTURA ORGANIZACIONAL.'),
(12, 3, 'N', 'LA MISIÓN CORPORATIVA.'),
(13, 3, 'N', 'UN PRINCIPIO DEL SUPERVISOR.'),
(14, 3, 'N', 'UN MANUAL DE PRODUCCIÓN DESACTUALIZADO.'),
(15, 4, 'N', 'ENTIDAD QUE CRECE MÁS GRANDE PORQUE ELLA PUEDE HACER INTERNAMENTE TRANSACCIONES DEL MERCADO MÁS BARATAMENTE DE LO QUE ELLA PUEDE CON FIRMAS EXTERNAS EN EL MERCADO.'),
(16, 4, 'N', 'SISTEMA DE FUNCIONES FORMALES QUE INCLUYEN PLANIFICACIÓN, ORGANIZACIÓN, COORDINACIÓN, DECISIÓN, Y CONTROL.'),
(17, 4, 'N', 'SISTEMA DE ADMINISTRACIÓN Ó GESTIÓN BASADO EN LA OBSERVACIÓN DE LO QUE LOS ADMINISTRADORES DE HECHO HACEN EN SUS TRABAJOS.'),
(18, 4, 'N', 'NEXO DE CONTRATOS ENTRE INDIVIDUOS AUTO-INTERESADOS QUIENES TIENEN QUE SER SUPERVISADOS Y MANEJADOS.'),
(19, 4, 'N', 'SISTEMA DE COMPUTADORA EN CUALQUIER NIVEL DE LA ORGANIZACIÓN QUE PUEDE CAMBIAR METAS, OPERACIONES, PRODUCTOS, SERVICIOS, O INTERRELACIONES AMBIENTALES PARA AYUDAR A LA ORGANIZACIÓN JUGAR VENTAJA COMPETITIVA.'),
(20, 4, 'S', 'SISTEMA QUE USA REDES PARA ENLAZAR GENTE, ACTIVOS, E IDEAS PARA CREAR Y DISTRIBUIR PRODUCTOS Y SERVICIOS SIN ESTAR LIMITADO A LOS LÍMITES TRADICIONALES DE LA ORGANIZACIÓN O UBICACIONES FÍSICAS.'),
(21, 5, 'N', 'LA CAPACIDAD PARA TRABAJAR CON OTRAS PERSONAS, COMPRENDER SUS ACTITUDES, MOTIVARLAS, ETC.'),
(22, 5, 'N', 'LA CAPACIDAD DE APLICAR UN LIDERAZGO EFICAZ.'),
(23, 5, 'N', 'LA HABILIDAD DE COMPRENDER LAS COMPLEJIDADES DE LA ORGANIZACIÓN GLOBAL Y EL AJUSTE DEL COMPORTAMIENTO DE LA PERSONA DENTRO DE LA ORGANIZACIÓN.'),
(24, 5, 'S', 'CAPACIDAD DE UTILIZAR LOS CONOCIMIENTOS ENTRE OTROS PARA LA REALIZACIÓN DE TAREAS ESPECÍFICAS A TRAVÉS DE SU INSTRUCCIÓN, EXPERIENCIA Y EDUCACIÓN.'),
(25, 6, 'N', 'PLANEACIÓN.'),
(26, 6, 'S', 'ORGANIZACIÓN.'),
(27, 6, 'N', 'DIRECCIÓN.'),
(28, 6, 'N', 'CONTROL.'),
(29, 7, 'N', 'MOTIVAR A LOS EMPLEADOS A TRABAJAR HORAS EXTRAORDINARIAS.'),
(30, 7, 'S', 'ASEGURAR QUE LOS PLANES SON LOGRADOS Y QUE EL DESEMPEÑO ACTUAL SATISFACE Ó SUPERA LOS OBJETIVOS.'),
(31, 7, 'N', 'DEFINIR UN PLAN DE ACCIÓN PARA LA ORGANIZACIÓN.'),
(32, 7, 'N', 'COORDINAR LOS RECURSOS Y LA EJECUCIÓN DE TAREAS.'),
(33, 7, 'N', 'DESARROLLAR UNA JERARQUÍA DE OBJETIVOS PARA LOS ADMINISTRADORES DEL NIVEL INFERIOR.'),
(34, 8, 'N', 'SON GENERADORES DE ENERGÍA QUE TRABAJEN POR EJEMPLO EN BASE A ALGÚN COMBUSTIBLE.'),
(35, 8, 'N', 'DEBEN FUNCIONAR POR PERÍODOS PROLONGADOS DE TIEMPO.'),
(36, 8, 'S', 'TIENEN COMO UNA DE SUS FUNCIONES EL ABSORBER DESCARGAS ELÉCTRICAS.'),
(37, 8, 'N', 'NINGUNA DE LAS ANTERIORES.'),
(38, 9, 'N', '¿CÓMO VA A FUNCIONAR EL CC?'),
(39, 9, 'N', '¿QUÉ SERVICIOS VA A PRESTAR EL CC?'),
(40, 9, 'S', '¿QUIÉNES VAN A OPERAR EL CC?'),
(41, 9, 'N', '¿EN DÓNDE SERÁN UBICADOS LOS SERVIDORES?'),
(42, 10, 'N', 'LA RETENCIÓN DEL RIESGO.'),
(43, 10, 'N', 'LA TRANSFERENCIA DEL RIESGO.'),
(44, 10, 'N', 'LA PREVENCIÓN DE LA OCURRENCIA.'),
(45, 10, 'N', 'LA DETECCIÓN DE LA OCURRENCIA.'),
(46, 10, 'N', 'LA REDUCCIÓN DEL EFECTO.'),
(47, 10, 'S', 'NINGUNA DE LAS ANTERIORES.'),
(48, 11, 'S', 'CLIENTE/SERVIDOR'),
(49, 11, 'N', 'DEPENDIENTE'),
(50, 11, 'N', 'CONFIABLE'),
(51, 11, 'N', 'INDEPENDIENTE'),
(52, 12, 'N', 'EL DESARROLLO DE SOFTWARE PROPIO.'),
(53, 12, 'N', 'LA ADQUISICIÓN DE PAQUETES DE SOFTWARE DE APLICACIÓN.'),
(54, 12, 'N', 'EL ALQUILER DE PAQUETES DE SOFTWARE.'),
(55, 12, 'N', 'LA PRÁCTICA DE CONTRATAR A PROVEEDORES EXTERNOS (TERCEROS).'),
(56, 12, 'N', 'EL ACCESO A SERVICIOS DE SOFTWARE.'),
(57, 12, 'N', 'EL OPEN-SOURCE.'),
(58, 12, 'S', 'NINGUNA DE LAS ANTERIORES.'),
(59, 13, 'N', 'AJUSTE DE LA CADENA DE SUMINISTRO.'),
(60, 13, 'N', 'PERSONALIZACIÓN.'),
(61, 13, 'N', 'JAD (JOINT APPLICATION DESIGN).'),
(62, 13, 'N', 'SOAP.'),
(63, 13, 'N', 'RAD.'),
(64, 13, 'S', 'OUTSOURCING.'),
(65, 14, 'N', 'LA VALORACIÓN Ó EVALUACIÓN DE SI LOS COMPONENTES DE HARDWARE, DE SOFTWARE Y DE COMUNICACIONES PUEDEN SER DESARROLLADOS Y/O ADQUIRIDOS PARA RESOLVER UN PROBLEMA DE NEGOCIO.'),
(66, 14, 'N', 'LA VALORACIÓN Ó EVALUACIÓN DE SI UN PROYECTO ES UN RIESGO FINANCIERO ACEPTABLE Y SI LA ORGANIZACIÓN PUEDE PERMITIRSE EL GASTO Y EL TIEMPO NECESARIO PARA COMPLETARLO.'),
(67, 14, 'S', 'LA VALORACIÓN Ó EVALUACIÓN DE LOS TEMAS HUMANOS INVOLUCRADOS EN EL PROYECTO PROPUESTO, INCLUYENDO LA RESISTENCIA AL CAMBIO, HABILIDADES Y NECESIDADES DE ENTRENAMIENTO.'),
(68, 14, 'N', 'LA HABILIDAD  Ó CAPACIDAD DE LA ORGANIZACIÓN PARA ACCEDER AL PROYECTO PROPUESTO.'),
(69, 15, 'S', 'INDIRECTA'),
(70, 15, 'N', 'PARALELO'),
(71, 15, 'N', 'DIRECTA'),
(72, 15, 'N', 'PILOTO'),
(73, 15, 'N', 'POR FASES'),
(74, 16, 'N', 'EL USO DE UNA COMPUTADORA PARA ROBAR PASSWORDS Ó CONTRASEÑAS.'),
(75, 16, 'N', 'EL USO DE COMPUTADORAS Y OTRAS HERRAMIENTAS PARA ROBAR IDENTIDADES ENTERAS.'),
(76, 16, 'S', 'EL USO DEL ENGAÑO Y/O LA MANIPULACIÓN PARA CONSEGUIR QUE LOS INDIVIDUOS REVELEN INFORMACIÓN SENSIBLE.'),
(77, 16, 'N', 'NINGUNA DE LAS ANTERIORES.'),
(78, 17, 'N', 'GUSANO (DE SOFTWARE).'),
(79, 17, 'N', 'CABALLO DE TROYA.'),
(80, 17, 'N', 'SCRIPT DE VIRUS.'),
(81, 17, 'S', 'ATAQUE DOS.'),
(82, 17, 'N', 'BOMBA LÓGICA.'),
(83, 17, 'N', 'VIRUS DE MÚLTIPLES PARTES.'),
(84, 17, 'N', 'NINGUNA DE LAS ANTERIORES.'),
(85, 18, 'N', 'ELLOS PUEDEN SER PROHIBITIVAMENTE CAROS ASÍ QUE EL RIESGO NO VALE EL GASTO'),
(86, 18, 'N', 'SOFTWARE MODERNO ELIMINA LA NECESIDAD POR SEGURIDAD ADICIONAL'),
(87, 18, 'N', 'ELLOS ELIMINAN TODA POSIBILIDAD DE UNA BRECHA DE SEGURIDAD'),
(88, 18, 'S', 'ELLOS REDUCEN, PERO NO ELIMINAN, LA POSIBILIDAD DE UNA BRECHA DE SEGURIDAD'),
(89, 19, 'N', 'BIO-CARACTERÍSTICAS'),
(90, 19, 'S', 'BIOMÉTRICA(S)'),
(91, 19, 'N', 'RECONOCIMIENTO DE VOZ'),
(92, 19, 'N', 'TOKENS'),
(93, 19, 'N', 'BIO-MEDIDAS'),
(94, 20, 'N', 'PROCESAMIENTO PARALELO.'),
(95, 20, 'N', 'BALANCEAMIENTO DE CARGA.'),
(96, 20, 'N', 'TOLERANCIA A FALLAS.'),
(97, 20, 'S', 'NINGUNA DE LAS ANTERIORES.'),
(98, 21, 'N', 'UNA INSPECCIÓN DEL PAQUETE EN PROFUNDIDAD.'),
(99, 21, 'N', 'UNA INSPECCIÓN POR STRINGS DE ATAQUES.'),
(100, 21, 'N', 'UN EXAMEN DE CORRELACIÓN ENTRE MÚLTIPLES PAQUETES.'),
(101, 21, 'S', 'NINGUNA DE LAS ANTERIORES.'),
(102, 22, 'N', 'PROCESO DEBIDO.'),
(103, 22, 'N', 'CONSENTIMIENTO INFORMADO.'),
(104, 22, 'N', 'OBLIGACIÓN FINANCIERA, ADEUDO.'),
(105, 22, 'S', 'RESPONSABILIDAD FORMAL.'),
(106, 22, 'N', 'PRÁCTICAS DE INFORMACIÓN CLARAS.'),
(107, 22, 'N', 'RESPONSABILIDAD PERSONAL.'),
(108, 23, 'N', 'EL PRINCIPIO DE LA AVERSIÓN AL RIESGO.'),
(109, 23, 'N', 'LA REGLA DEL CAMBIO.'),
(110, 23, 'S', 'EL IMPERATIVO CATEGÓRICO.'),
(111, 23, 'N', 'EL PRINCIPIO UTILITARISTA.'),
(112, 23, 'N', 'LA REGLA ÉTICA "NO AL ALMUERZO/DESAYUNO GRATIS".'),
(113, 23, 'N', 'LA REGLA DE ORO.'),
(114, 24, 'S', 'OPT-IN.'),
(115, 24, 'N', 'OPT-OUT.'),
(116, 24, 'N', 'P3P.'),
(117, 24, 'N', 'RESPONSABILIDAD.'),
(118, 24, 'N', 'PRÁCTICAS DE INFORMACIÓN LIMPIAS.'),
(119, 24, 'N', 'PERMISO TÁCITO.'),
(120, 25, 'N', 'LESIÓN POR STRESS REPETITIVO'),
(121, 25, 'N', 'SÍNDROME DE LA VISIÓN POR COMPUTADORA'),
(122, 25, 'N', 'STRESS TECNOLÓGICO'),
(123, 25, 'N', 'SÍNDROME DEL TÚNEL CARPIANO'),
(124, 25, 'N', 'TODAS LAS ANTERIORES'),
(125, 25, 'S', 'NINGUNA DE LAS ANTERIORES'),
(126, 26, 'N', 'NIVEL I – BÁSICO – PUEDE NO TENER UN PISO LEVANTADO.'),
(127, 26, 'S', 'NIVEL II – COMPONENTES REDUNDANTES – MÚLTIPLES TRAYECTOS PARA POTENCIA Y DISTRIBUCIÓN DE ENFRIAMIENTO.'),
(128, 26, 'N', 'NIVEL III – CONCURRENTEMENTE MANTENIBLE – COMPONENTES REDUNDANTES.'),
(129, 26, 'N', 'NIVEL IV – TOLERANTE A FALLAS – TODO EL HARDWARE DE LA COMPUTADORA TIENE QUE TENER ENTRADAS DUALES DE POTENCIA.'),
(130, 27, 'N', '1 MDA POR PISO.'),
(131, 27, 'N', '2 MDA S.'),
(132, 27, 'N', '1 HDA ÚNICA.'),
(133, 27, 'S', '1 HDA POR PISO.'),
(134, 27, 'N', '2 HDA S.'),
(135, 27, 'N', '2 HDA S POR PISO.'),
(136, 28, 'N', 'PASILLO FRÍO – FRENTE A RACKS Y GABINETES – CABLEADO DE TELECOMUNICACIONES DEBAJO DEL PISO.'),
(137, 28, 'S', 'PASILLO FRÍO – FRENTE A RACKS Y GABINETES – CABLES DE PODER DEBAJO DEL PISO.'),
(138, 28, 'N', 'PASILLO CALIENTE – FRENTE A RACKS Y GABINETES – CABLEADO DE TELECOMUNICACIONES DEBAJO DEL PISO.'),
(139, 28, 'N', 'PASILLO CALIENTE – DETRÁS DE RACKS Y GABINETES – CABLES DE PODER DEBAJO DEL PISO.'),
(140, 29, 'N', 'HDA – ZDA.'),
(141, 29, 'S', 'MDA – TR.'),
(142, 29, 'N', 'ZDA – EDA.'),
(143, 29, 'N', 'TR – OFICINAS, CUARTOS DE SOPORTE.'),
(144, 30, 'N', 'PASILLO FRÍO – FRENTE A RACKS Y GABINETES – CABLEADO DE TELECOMUNICACIONES DEBAJO DEL PISO.'),
(145, 30, 'S', 'PASILLO FRÍO – FRENTE A RACKS Y GABINETES – CABLES DE PODER DEBAJO DEL PISO.'),
(146, 30, 'N', 'PASILLO CALIENTE – FRENTE A RACKS Y GABINETES – CABLEADO DE TELECOMUNICACIONES DEBAJO DEL PISO.'),
(147, 30, 'N', 'PASILLO CALIENTE – DETRÁS DE RACKS Y GABINETES – CABLES DE PODER DEBAJO DEL PISO.');

INSERT INTO tExamen (codExamen, nombre) VALUES
(1, 'PRIMER PARCIAL'),
(2, 'SEGUNDO PARCIAL'),
(3, 'TERCER PARCIAL');

INSERT INTO tExamenPregunta (codExamen, codPregunta, puntaje) VALUES
(1, 1, 2),
(1, 2, 2),
(1, 3, 2),
(1, 4, 2),
(1, 5, 2),
(1, 6, 2),
(1, 7, 2),
(1, 8, 2),
(1, 9, 2),
(1, 10, 2),
(2, 11, 2),
(2, 12, 2),
(2, 13, 2),
(2, 14, 2),
(2, 15, 2),
(2, 16, 2),
(2, 17, 2),
(2, 18, 2),
(2, 19, 2),
(2, 20, 2),
(3, 21, 2),
(3, 22, 2),
(3, 23, 2),
(3, 24, 2),
(3, 25, 2),
(3, 26, 2),
(3, 27, 2),
(3, 28, 2),
(3, 29, 2),
(3, 30, 2);
